Workbook

Sheet 📋 CONSULTA
I1: row idx → | J1: =IF(AND(E2="",E3=""),0,IFERROR(IF(E3<>"",MATCH(E3,'CADASTRO LOJAS'!B3:B230,0),IFERROR(MATCH(VALUE(E2),'CADASTRO LOJAS'!A3:A230,0),IFERROR(MATCH("*"&SUBSTITUTE(SUBSTITUTE(SUBSTITUTE(SUBSTITUTE(E2,".",""),"/",""),"-","")," ","")&"*",'CADASTRO LOJAS'!AK3:AK230,0),IFERROR(MATCH("*"&E2&"*",'CADASTRO LOJAS'!B3:B230,0),IFERROR(MATCH("*"&E2&"*",'CADASTRO LOJAS'!C3:C230,0),MATCH("*"&E2&"*",'CADASTRO LOJAS'!L3:L230,0)))))),0)) -> 9
B2: 🔍 BUSCAR LOJA (código, CNPJ, nome, razão social ou cidade):
B3: Ou selecione da lista: | E3: 009 - Js
B5: 🔵 IDENTIFICAÇÃO | F5: 🟢 LOCALIZAÇÃO
B6: Código: | C6: {=IFERROR(IF($J$1=0,"—",IF(INDEX('CADASTRO LOJAS'!A:A,$J$1+2)="","—",INDEX('CADASTRO LOJAS'!A:A,$J$1+2))),"—")} -> 9 | F6: Logradouro: | G6: {=IFERROR(IF($J$1=0,"—",IF(INDEX('CADASTRO LOJAS'!H:H,$J$1+2)="","—",INDEX('CADASTRO LOJAS'!H:H,$J$1+2))),"—")} -> Avenida Andrômeda
B7: Nome Fantasia: | C7: {=IFERROR(IF($J$1=0,"—",IF(INDEX('CADASTRO LOJAS'!B:B,$J$1+2)="","—",INDEX('CADASTRO LOJAS'!B:B,$J$1+2))),"—")} -> 009 - Js | F7: Número: | G7: {=IFERROR(IF($J$1=0,"—",IF(INDEX('CADASTRO LOJAS'!I:I,$J$1+2)="","—",INDEX('CADASTRO LOJAS'!I:I,$J$1+2))),"—")} -> 1868
B8: Razão Social: | C8: {=IFERROR(IF($J$1=0,"—",IF(INDEX('CADASTRO LOJAS'!C:C,$J$1+2)="","—",INDEX('CADASTRO LOJAS'!C:C,$J$1+2))),"—")} -> Oscar Calcados Ltda | F8: Bairro: | G8: {=IFERROR(IF($J$1=0,"—",IF(INDEX('CADASTRO LOJAS'!K:K,$J$1+2)="","—",INDEX('CADASTRO LOJAS'!K:K,$J$1+2))),"—")} -> Jardim Satélite
B9: CNPJ: | C9: {=IFERROR(IF($J$1=0,"—",IF(INDEX('CADASTRO LOJAS'!D:D,$J$1+2)="","—",INDEX('CADASTRO LOJAS'!D:D,$J$1+2))),"—")} -> 50.915.875/0001-91 | F9: Cidade: | G9: {=IFERROR(IF($J$1=0,"—",IF(INDEX('CADASTRO LOJAS'!L:L,$J$1+2)="","—",INDEX('CADASTRO LOJAS'!L:L,$J$1+2))),"—")} -> São José Dos Campos
B10: Status: | C10: {=IFERROR(IF($J$1=0,"—",IF(INDEX('CADASTRO LOJAS'!E:E,$J$1+2)="","—",INDEX('CADASTRO LOJAS'!E:E,$J$1+2))),"—")} -> Aberta | F10: UF: | G10: {=IFERROR(IF($J$1=0,"—",IF(INDEX('CADASTRO LOJAS'!M:M,$J$1+2)="","—",INDEX('CADASTRO LOJAS'!M:M,$J$1+2))),"—")} -> SP
B11: Unidade Negócio: | C11: {=IFERROR(IF($J$1=0,"—",IF(INDEX('CADASTRO LOJAS'!F:F,$J$1+2)="","—",INDEX('CADASTRO LOJAS'!F:F,$J$1+2))),"—")} -> Grupo Oscar Calçados | F11: CEP: | G11: {=IFERROR(IF($J$1=0,"—",IF(INDEX('CADASTRO LOJAS'!N:N,$J$1+2)="","—",INDEX('CADASTRO LOJAS'!N:N,$J$1+2))),"—")} -> 12230-001
B12: Grupo Financeiro: | C12: {=IFERROR(IF($J$1=0,"—",IF(INDEX('CADASTRO LOJAS'!G:G,$J$1+2)="","—",INDEX('CADASTRO LOJAS'!G:G,$J$1+2))),"—")} -> Grupo F1 | F12: Regional: | G12: {=IFERROR(IF($J$1=0,"—",IF(INDEX('CADASTRO LOJAS'!O:O,$J$1+2)="","—",INDEX('CADASTRO LOJAS'!O:O,$J$1+2))),"—")} -> PETERSON
B14: 🟡 CONTATOS | F14: 🟣 OPERAÇÃO
B15: Telefone: | C15: {=IFERROR(IF($J$1=0,"—",IF(INDEX('CADASTRO LOJAS'!Q:Q,$J$1+2)="","—",INDEX('CADASTRO LOJAS'!Q:Q,$J$1+2))),"—")} -> (12) 3932-0066 | F15: Hora Abertura: | G15: {=IFERROR(IF($J$1=0,"—",IF(INDEX('CADASTRO LOJAS'!U:U,$J$1+2)="","—",INDEX('CADASTRO LOJAS'!U:U,$J$1+2))),"—")} -> 0.375
B16: WhatsApp: | C16: {=IFERROR(IF($J$1=0,"—",IF(INDEX('CADASTRO LOJAS'!R:R,$J$1+2)="","—",INDEX('CADASTRO LOJAS'!R:R,$J$1+2))),"—")} -> (12) 97404-1272 | F16: Hora Fechamento: | G16: {=IFERROR(IF($J$1=0,"—",IF(INDEX('CADASTRO LOJAS'!V:V,$J$1+2)="","—",INDEX('CADASTRO LOJAS'!V:V,$J$1+2))),"—")} -> 0.79166667
B17: E-mail Loja: | C17: {=IFERROR(IF($J$1=0,"—",IF(INDEX('CADASTRO LOJAS'!S:S,$J$1+2)="","—",INDEX('CADASTRO LOJAS'!S:S,$J$1+2))),"—")} -> loja009@oscarcalcados.com.br
B18: E-mail Gerente: | C18: {=IFERROR(IF($J$1=0,"—",IF(INDEX('CADASTRO LOJAS'!T:T,$J$1+2)="","—",INDEX('CADASTRO LOJAS'!T:T,$J$1+2))),"—")} -> gerente009@oscarcalcados.com.br
B19: Diretor: | C19: {=IFERROR(IF($J$1=0,"—",IF(INDEX('CADASTRO LOJAS'!P:P,$J$1+2)="","—",INDEX('CADASTRO LOJAS'!P:P,$J$1+2))),"—")} -> ERICSON
B21: 🟠 INFRAESTRUTURA TI | F21: 🔴 SISTEMAS
B22: IP: | C22: {=IFERROR(IF($J$1=0,"—",IF(INDEX('CADASTRO LOJAS'!W:W,$J$1+2)="","—",INDEX('CADASTRO LOJAS'!W:W,$J$1+2))),"—")} -> — | F22: Versão MegaStore: | G22: {=IFERROR(IF($J$1=0,"—",IF(INDEX('CADASTRO LOJAS'!AD:AD,$J$1+2)="","—",INDEX('CADASTRO LOJAS'!AD:AD,$J$1+2))),"—")} -> —
B23: Link Internet: | C23: {=IFERROR(IF($J$1=0,"—",IF(INDEX('CADASTRO LOJAS'!X:X,$J$1+2)="","—",INDEX('CADASTRO LOJAS'!X:X,$J$1+2))),"—")} -> — | F23: Versão Retaguarda: | G23: {=IFERROR(IF($J$1=0,"—",IF(INDEX('CADASTRO LOJAS'!AE:AE,$J$1+2)="","—",INDEX('CADASTRO LOJAS'!AE:AE,$J$1+2))),"—")} -> —
B24: Operadora: | C24: {=IFERROR(IF($J$1=0,"—",IF(INDEX('CADASTRO LOJAS'!Y:Y,$J$1+2)="","—",INDEX('CADASTRO LOJAS'!Y:Y,$J$1+2))),"—")} -> — | F24: Versão Frente: | G24: {=IFERROR(IF($J$1=0,"—",IF(INDEX('CADASTRO LOJAS'!AF:AF,$J$1+2)="","—",INDEX('CADASTRO LOJAS'!AF:AF,$J$1+2))),"—")} -> —
B25: Tipo Conexão: | C25: {=IFERROR(IF($J$1=0,"—",IF(INDEX('CADASTRO LOJAS'!Z:Z,$J$1+2)="","—",INDEX('CADASTRO LOJAS'!Z:Z,$J$1+2))),"—")} -> — | F25: Ambiente: | G25: {=IFERROR(IF($J$1=0,"—",IF(INDEX('CADASTRO LOJAS'!AG:AG,$J$1+2)="","—",INDEX('CADASTRO LOJAS'!AG:AG,$J$1+2))),"—")} -> Beta
B26: PDVs: | C26: {=IFERROR(IF($J$1=0,"—",IF(INDEX('CADASTRO LOJAS'!AA:AA,$J$1+2)="","—",INDEX('CADASTRO LOJAS'!AA:AA,$J$1+2))),"—")} -> — | F26: Homologação: | G26: {=IFERROR(IF($J$1=0,"—",IF(INDEX('CADASTRO LOJAS'!AH:AH,$J$1+2)="","—",INDEX('CADASTRO LOJAS'!AH:AH,$J$1+2))),"—")} -> —
B27: Servidor Local: | C27: {=IFERROR(IF($J$1=0,"—",IF(INDEX('CADASTRO LOJAS'!AB:AB,$J$1+2)="","—",INDEX('CADASTRO LOJAS'!AB:AB,$J$1+2))),"—")} -> — | F27: Última Atualização: | G27: {=IFERROR(IF($J$1=0,"—",IF(INDEX('CADASTRO LOJAS'!AJ:AJ,$J$1+2)="","—",INDEX('CADASTRO LOJAS'!AJ:AJ,$J$1+2))),"—")} -> Última validação:
B28: Modelo Equip.: | C28: {=IFERROR(IF($J$1=0,"—",IF(INDEX('CADASTRO LOJAS'!AC:AC,$J$1+2)="","—",INDEX('CADASTRO LOJAS'!AC:AC,$J$1+2))),"—")} -> —
B30: ⚪ OBSERVAÇÕES
B31: Notas: | C31: {=IFERROR(IF($J$1=0,"—",IF(INDEX('CADASTRO LOJAS'!AI:AI,$J$1+2)="","—",INDEX('CADASTRO LOJAS'!AI:AI,$J$1+2))),"—")} -> —
B33: =IF($J$1=0,IF(AND(E2="",E3=""),"↑ Digite o código ou selecione uma loja acima.","⚠️ Loja não encontrada. Verifique o código ou nome."),"✅ Loja encontrada — dados exibidos acima.") -> ✅ Loja encontrada — dados exibidos acima.

Sheet CADASTRO LOJAS
A1: 🔵 IDENTIFICAÇÃO | H1: 🟢 LOCALIZAÇÃO | Q1: 🟡 CONTATOS | U1: 🟣 OPERAÇÃO | W1: 🟠 INFRAESTRUTURA TI | AD1: 🔴 SISTEMAS | AI1: ⚪ OBSERVAÇÕES
A2: Código Loja | B2: Nome Fantasia | C2: Razão Social | D2: CNPJ | E2: Status | F2: Unidade de Negócio | G2: Grupo Financeiro | H2: Logradouro | I2: Número | J2: Complemento (Endereço Lojas) | K2: Bairro | L2: Cidade | M2: UF | N2: CEP | O2: Regional | P2: Diretor | Q2: Telefone Loja | R2: WhatsApp | S2: E-mail Loja | T2: E-mail Gerente | U2: Hora Abertura | V2: Hora Fechamento | W2: IP | X2: Link de Internet | Y2: Operadora | Z2: Tipo de Conexão | AA2: Qtde PDVs | AB2: Servidor Local (S/N) | AC2: Modelo de Equipamento | AD2: Versão MegaStore | AE2: Versão Retaguarda | AF2: Versão Frente | AG2: Ambiente (Produção/Beta) | AH2: Homologação | AI2: Observações | AJ2: Última Atualização | AK2: CNPJ_digitos
A3: 1 | B3: 001 - Cl2 | C3: Oscar Calcados Ltda | D3: 50.915.875/0012-44 | E3: Aberta | F3: Grupo Oscar Calçados | G3: Grupo F1 | H3: Rua Sete De Setembro | I3: 344 | J3: Rua Sete de Setembro | K3: Centro | L3: São José Dos Campos | M3: SP | N3: 12210-260 | O3: LUIS AMERICO | P3: ERICSON | Q3: (12) 3908-9009 | R3: 12 997409-3794 | S3: loja001@oscarcalcados.com.br | T3: gerente001@oscarcalcados.com.br | U3: 0.375 | V3: 0.79166667 | AG3: Produção | AJ3: Última validação: | AK3: =IFERROR(__xludf.DUMMYFUNCTION("ARRAYFORMULA(IF(D3:D230="""","""",REGEXREPLACE(D3:D230&"""",""[^0-9]"","""")))"),"50915875001244") -> 50915875001244
A4: 2 | B4: 002 - Jp | C4: E N Constantino Calcados Eireli | D4: 54.237.938/0001-59 | E4: Aberta | F4: Grupo Oscar Calçados | G4: Grupo F7 | H4: Avenida Pedro Álvares Cabral | I4: 905 | J4: Avenida Pedro Álvares Cabral | K4: Jardim Paulista | L4: São José Dos Campos | M4: SP | N4: 12216-000 | O4: LUIS AMERICO | P4: ERICSON | Q4: (12) 3928-7884 | R4: (12) 97402-0423 | S4: loja002@oscarcalcados.com.br | T4: gerente002@oscarcalcados.com.br | U4: 0.375 | V4: 0.79166667 | AG4: Beta | AJ4: Última validação: | AK4: =IFERROR(__xludf.DUMMYFUNCTION("""COMPUTED_VALUE"""),"54237938000159") -> 54237938000159
A5: 3 | B5: 003 - Cl 1 | C5: Oscar Calcados Ltda | D5: 50.915.875/0013-25 | E5: Aberta | F5: Grupo Oscar Calçados | G5: Grupo F1 | H5: Rua Sete De Setembro | I5: 142 | J5: Rua Sete de Setembro | K5: Centro | L5: São José Dos Campos | M5: SP | N5: 12210-260 | O5: LUIS AMERICO | P5: ERICSON | Q5: (12) 3909-1311 | R5: (12) 97410-6235 | S5: loja003@oscarcalcados.com.br | T5: gerente003@oscarcalcados.com.br | U5: 0.375 | V5: 0.79166667 | AG5: Produção | AJ5: Última validação: | AK5: =IFERROR(__xludf.DUMMYFUNCTION("""COMPUTED_VALUE"""),"50915875001325") -> 50915875001325
A6: 4 | B6: 004 - Jc 2 | C6: Oscar Calcados Ltda | D6: 50.915.875/0014-06 | E6: Aberta | F6: Grupo Oscar Calçados | G6: Grupo F1 | H6: Rua Sargento Acrísio Santana | I6: 141 | J6: Rua Sargento Acrísio Santana, 149 | K6: Centro | L6: Jacareí | M6: SP | N6: 12327-320 | O6: MAURICIO | P6: ERICSON | Q6: (12) 3951-8988 | R6: (12) 97406-6835 | S6: loja004@oscarcalcados.com.br | T6: gerente004@oscarcalcados.com.br | U6: 0.375 | V6: 0.79166667 | AG6: Produção | AJ6: Última validação: | AK6: =IFERROR(__xludf.DUMMYFUNCTION("""COMPUTED_VALUE"""),"50915875001406") -> 50915875001406
A7: 5 | B7: 005 - Jc 1 | C7: Racso Calcados Ltda | D7: 72.014.681/0001-58 | E7: Aberta | F7: Grupo Oscar Calçados | G7: Grupo F7 | H7: Praça Raul Chaves | I7: 79 | J7: Praça Raul Chaves | K7: Centro | L7: Jacareí | M7: SP | N7: 12308-011 | O7: MAURICIO | P7: ERICSON | Q7: (12) 3954-0797 | R7: (12) 97406-7534 | S7: loja005@oscarcalcados.com.br | T7: gerente005@oscarcalcados.com.br | U7: 0.375 | V7: 0.79166667 | AG7: Produção | AJ7: Última validação: | AK7: =IFERROR(__xludf.DUMMYFUNCTION("""COMPUTED_VALUE"""),"72014681000158") -> 72014681000158
A8: 6 | B8: 006 - Sh 2 | C8: Oscar Calcados Ltda | D8: 50.915.875/0004-34 | E8: Aberta | F8: Grupo Oscar Calçados | G8: Grupo F1 | H8: Avenida Deputado Benedito Matarazzo | I8: 9403 | J8: Avenida Deputado Benedito Matarazzo | K8: Jardim Oswaldo Cruz | L8: São José Dos Campos | M8: SP | N8: 12215-900 | O8: LUIS AMERICO | P8: ERICSON | Q8: (12) 3924-3420 | R8: (12) 97408-3216 | S8: loja006@oscarcalcados.com.br | T8: gerente006@oscarcalcados.com.br | U8: 0.41666667 | V8: 0.91666667 | AG8: Produção | AJ8: Última validação: | AK8: =IFERROR(__xludf.DUMMYFUNCTION("""COMPUTED_VALUE"""),"50915875000434") -> 50915875000434
A9: 7 | B9: 007 - Cn | C9: Oscar Calcados Ltda | D9: 50.915.875/0003-53 | E9: Aberta | F9: Grupo Oscar Calçados | G9: Grupo F1 | H9: Avenida São João | I9: 2200 | J9: Avenida São João | K9: Jardim Das Colinas | L9: São José Dos Campos | M9: SP | N9: 12242-000 | O9: PETERSON | P9: ERICSON | Q9: (12) 3924-3432 | R9: (12) 97411-7843 | S9: loja007@oscarcalcados.com.br | T9: gerente007@oscarcalcados.com.br | U9: 0.41666667 | V9: 0.91666667 | AG9: Produção | AJ9: Última validação: | AK9: =IFERROR(__xludf.DUMMYFUNCTION("""COMPUTED_VALUE"""),"50915875000353") -> 50915875000353
A10: 8 | B10: 008 - Rio Preto Shopp | C10: Oscar Calcados Ltda | D10: 50.915.875/0044-21 | E10: Aberta | F10: Grupo Oscar Calçados | G10: Grupo F1 | H10: Avenida Brigadeiro Faria Lima | I10: 6363 | J10: Avenida Brigadeiro Faria Lima | K10: Vila Sao Jose | L10: Sao Jose Do Rio Preto | M10: SP | N10: 15090-000 | O10: ROGERS | P10: ERICSON | Q10: (17) 3201-2923 | R10: (17) 97400-8780 | S10: loja008@oscarcalcados.com.br | T10: gerente008@oscarcalcados.com.br | U10: 0.41666667 | V10: 0.91666667 | AG10: Produção | AJ10: Última validação: | AK10: =IFERROR(__xludf.DUMMYFUNCTION("""COMPUTED_VALUE"""),"50915875004421") -> 50915875004421
A11: 9 | B11: 009 - Js | C11: Oscar Calcados Ltda | D11: 50.915.875/0001-91 | E11: Aberta | F11: Grupo Oscar Calçados | G11: Grupo F1 | H11: Avenida Andrômeda | I11: 1868 | J11: Av. Andrômeda, 1868 | K11: Jardim Satélite | L11: São José Dos Campos | M11: SP | N11: 12230-001 | O11: PETERSON | P11: ERICSON | Q11: (12) 3932-0066 | R11: (12) 97404-1272 | S11: loja009@oscarcalcados.com.br | T11: gerente009@oscarcalcados.com.br | U11: 0.375 | V11: 0.79166667 | AG11: Beta | AJ11: Última validação: | AK11: =IFERROR(__xludf.DUMMYFUNCTION("""COMPUTED_VALUE"""),"50915875000191") -> 50915875000191
A12: 10 | B12: 010 - Cd Oscar | C12: Oscar Calcados Ltda | D12: 50.915.875/0005-15 | E12: Aberta | F12: Grupo Oscar Calçados | G12: Grupo F1 | H12: Rua Paraibuna | I12: 1692 | K12: Vila Nair | L12: São José Dos Campos | M12: SP | N12: 12231-010 | O12: LOJA FECHADA | P12: RENAN | AG12: Produção | AK12: =IFERROR(__xludf.DUMMYFUNCTION("""COMPUTED_VALUE"""),"50915875000515") -> 50915875000515
A13: 11 | B13: 011 - Arezzo Vale Sul Shopp | C13: Avs Comercio De Calcados Ltda | D13: 09.108.526/0001-64 | E13: Aberta | F13: Grupo Arezzo | G13: Grupo F9 | H13: Avenida Andromeda | I13: 227 | J13: Av. Andrômeda, 227 - Loja 204 | K13: Jardim Satelite | L13: Sao Jose Dos Campos | M13: SP | N13: 12230-001 | O13: VIVIANE | P13: SONIA | Q13: (12) 3935-4056 | R13: (12) 97411-6754 | S13: loja011@lojasarezzo.com.br | T13: gerente011@lojasarezzo.com.br | U13: 0.41666667 | V13: 0.91666667 | AG13: Produção | AJ13: Última validação: | AK13: =IFERROR(__xludf.DUMMYFUNCTION("""COMPUTED_VALUE"""),"09108526000164") -> 09108526000164
A14: 12 | B14: 012 - Arezzo Center Vale | C14: R Constantino Calcados Ltda | D14: 02.139.784/0001-69 | E14: Aberta | F14: Grupo Arezzo | G14: Grupo F9 | H14: Avenida Deputado Benedito Matarazzo | I14: 9403 | J14: Av. Dep. Benedito Matarazzo, 9403 Loja S/113 | K14: Jardim Oswaldo Cruz | L14: Sao Jose Dos Campos | M14: SP | N14: 12216-580 | O14: VIVIANE | P14: SONIA | Q14: (12) 3947-7619 | R14: (12) 97404-4892 | S14: loja012@lojasarezzo.com.br | T14: gerente012@lojasarezzo.com.br | U14: 0.41666667 | V14: 0.91666667 | AG14: Produção | AJ14: Última validação: | AK14: =IFERROR(__xludf.DUMMYFUNCTION("""COMPUTED_VALUE"""),"02139784000169") -> 02139784000169
A15: 13 | B15: 013 - Arezzo Shopp Colinas | C15: Ofs Comercio De Calcados Ltda | D15: 08.371.232/0001-68 | E15: Aberta | F15: Grupo Arezzo | G15: Grupo F9 | H15: Avenida São João | I15: 2200 | J15: São João, 2200 lj. Nº 010/011 | K15: Jardim Das Colinas | L15: São José Dos Campos | M15: SP | N15: 12242-000 | O15: VIVIANE | P15: SONIA | Q15: (12) 3904-7850 | R15: (12) 97411-5572 | S15: loja013@lojasarezzo.com.br | T15: gerente013@lojasarezzo.com.br | U15: 0.41666667 | V15: 0.91666667 | AG15: Produção | AJ15: Última validação: | AK15: =IFERROR(__xludf.DUMMYFUNCTION("""COMPUTED_VALUE"""),"08371232000168") -> 08371232000168
A16: 15 | B16: 015 - Victor Hugo Cv | C16: Iacr Comercial Ltda | D16: 04.723.248/0001-31 | E16: Aberta | F16: Grupo Victor Hugo | G16: Grupo F9 | H16: Avenida Deputado Benedito Matarazzo | I16: 9403 | J16: Av. Dep. Benedito Matarazzo, lj 509/10 | K16: Jardim Oswaldo Cruz | L16: São José Dos Campos | M16: SP | N16: 12216-580 | O16: SUILA | P16: SONIA | Q16: (12) 3928-7895 | R16: (12) 97407-7463 | S16: centervale@victorhugo.com.br | U16: 0.41666667 | V16: 0.91666667 | AG16: Produção | AJ16: Última validação: | AK16: =IFERROR(__xludf.DUMMYFUNCTION("""COMPUTED_VALUE"""),"04723248000131") -> 04723248000131
A17: 16 | B17: 016 - Guara Ct | C17: Oscar Calcados Ltda | D17: 50.915.875/0015-97 | E17: Aberta | F17: Grupo Oscar Calçados | G17: Grupo F1 | H17: Rua Comendador João Galvão | I17: 36 | J17: Rua Comendador João Galvão | K17: Centro | L17: Guaratinguetá | M17: SP | N17: 12500-150 | O17: THIAGO | P17: ERICSON | Q17: (12) 3128-3197 | R17: (12) 97411-1083 | S17: loja016@oscarcalcados.com.br | T17: gerente016@oscarcalcados.com.br | U17: 0.375 | V17: 0.79166667 | AG17: Produção | AJ17: Última validação: | AK17: =IFERROR(__xludf.DUMMYFUNCTION("""COMPUTED_VALUE"""),"50915875001597") -> 50915875001597
A18: 17 | B18: 017 - Tênis Vs | C18: Vsc Calcados Ltda | D18: 05.574.086/0001-80 | E18: Aberta | F18: Grupo Oscar Calçados | G18: Grupo F7 | H18: Avenida Andrômeda | I18: 227 | J18: Avenida Andrômeda | K18: Jardim Satélite | L18: São José Dos Campos | M18: SP | N18: 12230-000 | O18: PETERSON | P18: ERICSON | Q18: (12) 3935-4063 | R18: (12) 97402-7510 | S18: loja017@oscarcalcados.com.br | T18: gerente017@oscarcalcados.com.br | U18: 0.41666667 | V18: 0.91666667 | AG18: Produção | AJ18: Última validação: | AK18: =IFERROR(__xludf.DUMMYFUNCTION("""COMPUTED_VALUE"""),"05574086000180") -> 05574086000180
A19: 18 | B19: 018 - Arezzo Jacarei Shopp | C19: Arsj Comercio De Calcados Ltda | D19: 14.620.014/0001-12 | E19: Aberta | F19: Grupo Arezzo | G19: Grupo F9 | H19: Rua Barão De Jacareí | I19: 364 | J19: Rua Barão de Jacareí, 364 lj. 23 | K19: Centro | L19: Jacareí | M19: SP | N19: 12308-001 | O19: VIVIANE | P19: SONIA | Q19: (12) 3954-8385 | R19: (12) 97411-3673 | S19: loja018@lojasarezzo.com.br | T19: gerente018@lojasarezzo.com.br | U19: 0.41666667 | V19: 0.91666667 | AG19: Produção | AJ19: Última validação: | AK19: =IFERROR(__xludf.DUMMYFUNCTION("""COMPUTED_VALUE"""),"14620014000112") -> 14620014000112
A20: 19 | B20: 019 - Jc Sh | C20: Oscar Calcados Ltda | D20: 50.915.875/0016-78 | E20: Aberta | F20: Grupo Oscar Calçados | G20: Grupo F1 | H20: Rua Barão De Jacareí | I20: 364 | J20: Rua Barão de Jacareí | K20: Centro | L20: Jacareí | M20: SP | N20: 12308-001 | O20: MAURICIO | P20: ERICSON | Q20: (12) 3955-9599 | R20: (12) 97411-7172 | S20: loja019@oscarcalcados.com.br | T20: gerente019@oscarcalcados.com.br | U20: 0.41666667 | V20: 0.91666667 | AG20: Produção | AJ20: Última validação: | AK20: =IFERROR(__xludf.DUMMYFUNCTION("""COMPUTED_VALUE"""),"50915875001678") -> 50915875001678
A21: 20 | B21: 020 - Taub Shopp | C21: Oscar Calcados Ltda | D21: 50.915.875/0017-59 | E21: Aberta | F21: Grupo Oscar Calçados | G21: Grupo F1 | H21: Avenida Charles Schnneider | I21: 1700 | J21: Avenida Charles Schnneider | K21: Parque Senhor Do Bonfim | L21: Taubaté | M21: SP | N21: 12040-900 | O21: ESTEFAN | P21: ERICSON | Q21: (12) 3634-3637 | R21: (12) 97411-5917 | S21: loja020@oscarcalcados.com.br | T21: gerente020@oscarcalcados.com.br | U21: 0.41666667 | V21: 0.91666667 | AG21: Produção | AJ21: Última validação: | AK21: =IFERROR(__xludf.DUMMYFUNCTION("""COMPUTED_VALUE"""),"50915875001759") -> 50915875001759
A22: 22 | B22: 022 - Tenis Calçadão | C22: Jsc Comercio De Calcados Ltda | D22: 05.908.530/0001-56 | E22: Fechada | F22: Grupo Oscar Calçados | G22: Grupo F7 | H22: Rua Sete De Setembro | I22: 156 | J22: Rua Sete de Setembro | K22: Centro | L22: São José Dos Campos | M22: SP | N22: 12210-260 | O22: LUIS AMERICO | P22: ERICSON | Q22: (12) 3908-9006 | R22: (12) 97411-1976 | S22: loja022@oscarcalcados.com.br | T22: gerente022@oscarcalcados.com.br | U22: 0.375 | V22: 0.79166667 | AG22: Produção | AJ22: Última validação: | AK22: =IFERROR(__xludf.DUMMYFUNCTION("""COMPUTED_VALUE"""),"05908530000156") -> 05908530000156
A23: 23 | B23: 023 - Guará Shopp | C23: Oscar Calcados Ltda | D23: 50.915.875/0018-30 | E23: Aberta | F23: Grupo Oscar Calçados | G23: Grupo F1 | H23: Avenida Juscelino Kubitschek De Oliveira | I23: 351 | J23: Avenida Juscelino Kubitschek de Oliveira | K23: Campo Do Galvão | L23: Guaratinguetá | M23: SP | N23: 12505-300 | O23: THIAGO | P23: ERICSON | Q23: (12) 3128-3198 | R23: (12) 97403-3715 | S23: loja023@oscarcalcados.com.br | T23: gerente023@oscarcalcados.com.br | U23: 0.41666667 | V23: 0.91666667 | AG23: Produção | AJ23: Última validação: | AK23: =IFERROR(__xludf.DUMMYFUNCTION("""COMPUTED_VALUE"""),"50915875001830") -> 50915875001830
A24: 24 | B24: 024 - Stock Show Sjc | C24: Estoque Vale Comercio De Calcados Ltda | D24: 08.776.666/0001-48 | E24: Aberta | F24: Grupo Stock Show Sjc | G24: Grupo F8 | H24: Rua Sebastião Humel | I24: 301 | J24: Rua Sebastião Humel | K24: Centro | L24: São José Dos Campos | M24: SP | N24: 12210-200 | O24: LUIS AMERICO | P24: ERICSON | Q24: (12) 3925-0316 | R24: (12) 97411-4525 | S24: loja024@stockshow.com.br | T24: gerente024@stockshow.com.br | U24: 0.375 | V24: 0.79166667 | AG24: Produção | AJ24: Última validação: | AK24: =IFERROR(__xludf.DUMMYFUNCTION("""COMPUTED_VALUE"""),"08776666000148") -> 08776666000148
A25: 26 | B25: 026 - Vale Sul 2 | C25: Oscar Calcados Ltda | D25: 50.915.875/0010-82 | E25: Aberta | F25: Grupo Oscar Calçados | G25: Grupo F1 | H25: Avenida Andrômeda | I25: 227 | J25: Avenida Andrômeda | K25: Jardim Satélite | L25: São José Dos Campos | M25: SP | N25: 12230-000 | O25: PETERSON | P25: ERICSON | Q25: (12) 3935-4082 | R25: (12) 99114-8360 | S25: loja026@oscarcalcados.com.br | T25: gerente026@oscarcalcados.com.br | U25: 0.41666667 | V25: 0.91666667 | AG25: Produção | AJ25: Última validação: | AK25: =IFERROR(__xludf.DUMMYFUNCTION("""COMPUTED_VALUE"""),"50915875001082") -> 50915875001082
A26: 28 | B26: 028 - Taub Ct | C26: Oscar Calcados Ltda | D26: 50.915.875/0019-10 | E26: Aberta | F26: Grupo Oscar Calçados | G26: Grupo F1 | H26: Praça Dom Epaminondas | I26: 54 | J26: Praça Dom Epaminondas | K26: Centro | L26: Taubaté | M26: SP | N26: 12010-020 | O26: ESTEFAN | P26: ERICSON | Q26: (12) 3622-5762 | R26: (12) 97407-1208 | S26: loja028@oscarcalcados.com.br | T26: gerente028@oscarcalcados.com.br | U26: 0.375 | V26: 0.77083333 | AG26: Beta | AJ26: Última validação: | AK26: =IFERROR(__xludf.DUMMYFUNCTION("""COMPUTED_VALUE"""),"50915875001910") -> 50915875001910
A27: 30 | B27: 030 - E-Commerce | C27: Oscar Calçados Ltda | D27: 50.915.875/9999-62 | E27: Aberta | F27: Grupo Oscar Ecommerce | G27: Geral | H27: Rua Serra Do Parima | I27: 123 | K27: Jardim Anhembi | L27: São José Dos Campos | M27: SP | N27: 12235-210 | O27: BACKOFFICE | P27: RENAN | AG27: Produção | AK27: =IFERROR(__xludf.DUMMYFUNCTION("""COMPUTED_VALUE"""),"50915875999962") -> 50915875999962
A28: 31 | B28: 031 - Constantino Mogi | C28: Constantino Calcados E Acessorios Ltda | D28: 10.980.442/0001-03 | E28: Aberta | F28: Grupo Constantino | G28: Grupo F8 | H28: Avenida Vereador Narciso Yague Guimarães | I28: 1001 | J28: Avenida Vereador Narciso Yague Guimarães | K28: Jardim Armenia | L28: Mogi Das Cruzes | M28: SP | N28: 08780-500 | O28: MAURICIO | P28: ERICSON | Q28: (11) 4728-4396 | R28: (11) 94078-0983 | S28: loja031@lojasconstantino.com.br | T28: gerente031@lojasconstantino.com.br | U28: 0.41666667 | V28: 0.91666667 | AG28: Produção | AJ28: Última validação: | AK28: =IFERROR(__xludf.DUMMYFUNCTION("""COMPUTED_VALUE"""),"10980442000103") -> 10980442000103
A29: 32 | B29: 032 - Mogi Shopp | C29: Oscar Calcados Ltda | D29: 50.915.875/0020-54 | E29: Aberta | F29: Grupo Oscar Calçados | G29: Grupo F1 | H29: Avenida Vereador Narciso Yague Guimarães | I29: 1001 | J29: Avenida Vereador Narciso Yague Guimarães | K29: Jardim Armenia | L29: Mogi Das Cruzes | M29: SP | N29: 08780-500 | O29: MAURICIO | P29: ERICSON | Q29: (11) 4798-6553 | R29: (11) 94009-5981 | S29: loja032@oscarcalcados.com.br | T29: gerente032@oscarcalcados.com.br | U29: 0.41666667 | V29: 0.91666667 | AG29: Produção | AJ29: Última validação: | AK29: =IFERROR(__xludf.DUMMYFUNCTION("""COMPUTED_VALUE"""),"50915875002054") -> 50915875002054
A30: 33 | B30: 033 - Mogi Centro | C30: Hrc Comercio De Calcados Ltda | D30: 68.910.587/0001-00 | E30: Fechada | F30: Geral | G30: Grupo F7 | H30: Rua Doutor Paulo Frontin | I30: 161 | K30: Centro | L30: Mogi Das Cruzes | M30: SP | N30: 08710-050 | AG30: Produção | AK30: =IFERROR(__xludf.DUMMYFUNCTION("""COMPUTED_VALUE"""),"68910587000100") -> 68910587000100
A31: 34 | B31: 034 - Stock Show Bc | C31: Stock Bras Cubas Ltda | D31: 03.972.679/0001-79 | E31: Aberta | F31: Grupo Stock Show Mogi | G31: Grupo F8 | H31: Rua Francisco Afonso De Melo | I31: 135 | J31: Rua Francisco Afonso de Melo | K31: Vila Bras Cubas | L31: Mogi Das Cruzes | M31: SP | N31: 08740-310 | O31: ARTEMIS | P31: HELENA | Q31: (11) 4723-4359 | R31: (11) 34024-0939 | S31: loja034@stockshow.com.br | T31: gerente034@stockshow.com.br | U31: 0.41666667 | V31: 0.75 | AG31: Produção | AJ31: Última validação: | AK31: =IFERROR(__xludf.DUMMYFUNCTION("""COMPUTED_VALUE"""),"03972679000179") -> 03972679000179
A32: 35 | B32: 035 - Stock Show Sz | C32: Stock Show Suzano Ltda | D32: 04.431.428/0001-40 | E32: Aberta | F32: Grupo Stock Show Mogi | G32: Grupo F8 | H32: Rua Eliziel Alves Costa | I32: 34 | J32: Rua Eliziel Alves Costa | K32: Conjunto Residencial Ir | L32: Suzano | M32: SP | N32: 08673-110 | O32: ARTEMIS | P32: HELENA | Q32: (11) 4741-4895 | R32: (11) 94794-0416 | S32: loja035@stockshow.com.br | T32: gerente035@stockshow.com.br | U32: 0.39583333 | V32: 0.76388889 | AG32: Produção | AJ32: Última validação: | AK32: =IFERROR(__xludf.DUMMYFUNCTION("""COMPUTED_VALUE"""),"04431428000140") -> 04431428000140
A33: 36 | B33: 036 - Scarlen Shopp Suzan | C33: Scarlen Calcados Ltda | D33: 02.010.526/0001-88 | E33: Aberta | F33: Grupo Scarlen | G33: Grupo F8 | H33: Rua Sete De Setembro | I33: 555 | J33: Rua 7 de Setembro | K33: Parque Suzano | L33: Suzano | M33: SP | N33: 08673-020 | O33: ARTEMIS | P33: HELENA | Q33: (11) 4746-7062 | R33: (11) 94772-0433 | S33: loja036@scarlen.com.br | T33: gerente036@scarlen.com.br | U33: 0.41666667 | V33: 0.8125 | AG33: Produção | AJ33: Última validação: | AK33: =IFERROR(__xludf.DUMMYFUNCTION("""COMPUTED_VALUE"""),"02010526000188") -> 02010526000188
A34: 37 | B34: 037 - Scarlen Mogi Centro | C34: Helena Cazarine Calcados E Acessorios Ltda | D34: 58.760.141/0001-92 | E34: Aberta | F34: Grupo Scarlen | G34: Grupo F8 | H34: Rua Braz Cubas | I34: 171 | J34: Rua Brás Cubas | K34: Centro | L34: Mogi Das Cruzes | M34: SP | N34: 08710-410 | O34: ARTEMIS | P34: HELENA | Q34: (11) 4799-7262 | R34: (11) 94736-0495 | S34: loja037@scarlen.com.br | T34: gerente037@scarlen.com.br | U34: 0.39583333 | V34: 0.77083333 | AG34: Produção | AJ34: Última validação: | AK34: =IFERROR(__xludf.DUMMYFUNCTION("""COMPUTED_VALUE"""),"58760141000192") -> 58760141000192
A35: 38 | B35: 038 - Scarlen Mogi Shopp | C35: Cazarine & Constantino Ltda | D35: 67.109.132/0001-27 | E35: Aberta | F35: Grupo Scarlen | G35: Grupo F8 | H35: Avenida Vereador Narciso Yague Guimarães | I35: 1001 | J35: Av. Ver. Narciso Yague Guimarães, Arco: 230 | K35: Jardim Armenia | L35: Mogi Das Cruzes | M35: SP | N35: 08780-500 | O35: ARTEMIS | P35: HELENA | Q35: (11) 4798-6554 | R35: (11) 94738-0583 | S35: loja038@scarlen.com.br | T35: gerente038@scarlen.com.br | U35: 0.41666667 | V35: 0.91666667 | AG35: Produção | AJ35: Última validação: | AK35: =IFERROR(__xludf.DUMMYFUNCTION("""COMPUTED_VALUE"""),"67109132000127") -> 67109132000127
A36: 39 | B36: 039 - Cl Mg | C36: Oscar Calcados Ltda | D36: 50.915.875/0021-35 | E36: Aberta | F36: Grupo Oscar Calçados | G36: Grupo F1 | H36: Rua Doutor Deodato Wertheimer | I36: 1395 | J36: Rua Doutor Deodato Wertheimer | K36: Centro | L36: Mogi Das Cruzes | M36: SP | N36: 08710-430 | O36: MAURICIO | P36: ERICSON | Q36: (11) 4791-8982 | R36: (11) 97827-1541 | S36: loja039@oscarcalcados.com.br | T36: gerente039@oscarcalcados.com.br | U36: 0.375 | V36: 0.79166667 | AG36: Produção | AJ36: Última validação: | AK36: =IFERROR(__xludf.DUMMYFUNCTION("""COMPUTED_VALUE"""),"50915875002135") -> 50915875002135
A37: 40 | B37: 040 - Arezzo Shopp Mogi | C37: Ccrh Comercio De Calcados Ltda | D37: 02.163.422/0001-03 | E37: Aberta | F37: Grupo Arezzo | G37: Grupo F9 | H37: Avenida Vereador Narciso Yague Guimarães | I37: 1001 | J37: Av Ver. Narciso Yague Guimarães, loja 201 | K37: Jardim Armenia | L37: Mogi Das Cruzes | M37: SP | N37: 08780-500 | O37: ARTEMIS | P37: HELENA | Q37: (11) 4728-4395 | R37: (11) 91327-3036 | S37: loja040@lojasarezzo.com.br | T37: gerente040@lojasarezzo.com.br | U37: 0.41666667 | V37: 0.91666667 | AG37: Produção | AJ37: Última validação: | AK37: =IFERROR(__xludf.DUMMYFUNCTION("""COMPUTED_VALUE"""),"02163422000103") -> 02163422000103
A38: 41 | B38: 041 - Rio Preto Ct | C38: Oscar Calcados Ltda | D38: 50.915.875/0062-03 | E38: Aberta | F38: Grupo Oscar Calçados | G38: Grupo F1 | H38: Rua General Glicerio | I38: 2826 | J38: Rua General Glicério | K38: Centro | L38: Sao Jose Do Rio Preto | M38: SP | N38: 15015-400 | O38: ROGERS | P38: ERICSON | Q38: (17) 3519-3058 | R38: (17) 97400-5794 | S38: loja041@oscarcalcados.com.br | T38: gerente041@oscarcalcados.com.br | U38: 0.375 | V38: 0.79166667 | AG38: Produção | AJ38: Última validação: | AK38: =IFERROR(__xludf.DUMMYFUNCTION("""COMPUTED_VALUE"""),"50915875006203") -> 50915875006203
A39: 42 | B39: 042 - Stock Show Poá | C39: Francisco Telles Marcondes Neto | D39: 08.062.235/0001-10 | E39: Aberta | F39: Grupo Stock Show Mogi | G39: Grupo F8 | H39: Rua Silvério Pereira Jordão | I39: 37 | J39: Rua Silvério Pereira Jordão | K39: Centro | L39: Poá | M39: SP | N39: 08550-030 | O39: ARTEMIS | P39: HELENA | Q39: (11) 4634-4633 | R39: (11) 94029-0626 | S39: loja042@stockshow.com.br | T39: gerente042@stockshow.com.br | U39: 0.375 | V39: 0.75 | AG39: Produção | AJ39: Última validação: | AK39: =IFERROR(__xludf.DUMMYFUNCTION("""COMPUTED_VALUE"""),"08062235000110") -> 08062235000110
A40: 43 | B40: 043 - Suzano Shopp | C40: Oscar Calcados Ltda | D40: 50.915.875/0022-16 | E40: Aberta | F40: Grupo Oscar Calçados | G40: Grupo F1 | H40: Rua Sete De Setembro | I40: 555 | J40: Rua 7 de setembro, loja 115/116 | K40: Centro | L40: Suzano | M40: SP | N40: 08673-020 | O40: MAURICIO | P40: ERICSON | Q40: (11) 4742-3864 / (11) 4743-5094 | R40: (11) 94029-0796 | S40: loja043@oscarcalcados.com.br | T40: gerente043@oscarcalcados.com.br | U40: 0.41666667 | V40: 0.91666667 | AG40: Produção | AJ40: Última validação: | AK40: =IFERROR(__xludf.DUMMYFUNCTION("""COMPUTED_VALUE"""),"50915875002216") -> 50915875002216
A41: 44 | B41: 044 - Caragua Shopp | C41: Oscar Calcados Ltda | D41: 50.915.875/0008-68 | E41: Aberta | F41: Grupo Oscar Calçados | G41: Grupo F1 | H41: Avenida José Herculano | I41: 1086 | J41: Avenida José Herculano | K41: Jardim Britânia | L41: Caraguatatuba | M41: SP | N41: 11666-000 | O41: ESTEFAN | P41: ERICSON | Q41: (12) 3885-1445 | R41: (12) 97405-1457 | S41: loja044@oscarcalcados.com.br | T41: gerente044@oscarcalcados.com.br | U41: 0.41666667 | V41: 0.91666667 | AG41: Produção | AJ41: Última validação: | AK41: =IFERROR(__xludf.DUMMYFUNCTION("""COMPUTED_VALUE"""),"50915875000868") -> 50915875000868
A42: 45 | B42: 045 - Araçatuba | C42: Oscar Calcados Ltda | D42: 50.915.875/0064-75 | E42: Aberta | F42: Grupo Oscar Calçados | G42: Grupo F1 | H42: Rua Marechal Deodoro | I42: 139 | J42: Rua Marechal Deodoro | K42: Centro | L42: Aracatuba | M42: SP | N42: 16010-300 | O42: ROGERS | P42: ERICSON | Q42: (18) 3607-2278 | R42: (18) 97400-4018 | S42: loja045@oscarcalcados.com.br | T42: gerente045@oscarcalcados.com.br | U42: 0.375 | V42: 0.79166667 | AG42: Produção | AJ42: Última validação: | AK42: =IFERROR(__xludf.DUMMYFUNCTION("""COMPUTED_VALUE"""),"50915875006475") -> 50915875006475
A43: 46 | B43: 046 - Constantino Sjc | C43: Bruno Cazarine Constantino | D43: 50.666.937/0001-79 | E43: Fechada | F43: Grupo Constantino | G43: Grupo F8 | H43: Avenida Deputado Benedito Matarazzo | I43: 9403 | J43: Avenida Deputado Benedito Matarazzo | K43: Jardim Oswaldo Cruz | L43: São José Dos Campos | M43: SP | N43: 12216-580 | O43: LOJA FECHADA | P43: ERICSON | Q43: (12) 3928-7871 | S43: constantino46@lojasconstantino.com.br | AG43: Produção | AJ43: Última validação: | AK43: =IFERROR(__xludf.DUMMYFUNCTION("""COMPUTED_VALUE"""),"50666937000179") -> 50666937000179
A44: 47 | B44: 047 - Pinda Shopp | C44: Ops Comercio De Calcados Ltda | D44: 19.853.593/0001-67 | E44: Aberta | F44: Grupo Oscar Calçados | G44: Grupo F7 | H44: Rua Alcides Ramos Nogueira | I44: 650 | J44: Rua Alcides Ramos Nogueira | K44: Mombaça | L44: Pindamonhangaba | M44: SP | N44: 12421-705 | O44: ESTEFAN | P44: ERICSON | Q44: (12) 3644-1797 | R44: (12) 97411-7551 | S44: loja047@oscarcalcados.com.br | T44: gerente047@oscarcalcados.com.br | U44: 0.41666667 | V44: 0.91666667 | AG44: Produção | AJ44: Última validação: | AK44: =IFERROR(__xludf.DUMMYFUNCTION("""COMPUTED_VALUE"""),"19853593000167") -> 19853593000167
A45: 48 | B45: 048 - Pinda Ct | C45: Oscar Calcados Ltda | D45: 50.915.875/0023-05 | E45: Aberta | F45: Grupo Oscar Calçados | G45: Grupo F1 | H45: Praça Monsenhor Marcondes | I45: 50 | J45: Praça Monsenhor Marcondes | K45: Centro | L45: Pindamonhangaba | M45: SP | N45: 12400-470 | O45: ESTEFAN | P45: ERICSON | Q45: (12) 3644-1119 | R45: (12) 97411-2318 | S45: loja048@oscarcalcados.com.br | T45: gerente048@oscarcalcados.com.br | U45: 0.375 | V45: 0.79166667 | AG45: Produção | AJ45: Última validação: | AK45: =IFERROR(__xludf.DUMMYFUNCTION("""COMPUTED_VALUE"""),"50915875002305") -> 50915875002305
A46: 49 | B46: 049 - Lorena | C46: Oscar Calcados Ltda | D46: 50.915.875/0024-88 | E46: Aberta | F46: Grupo Oscar Calçados | G46: Grupo F1 | H46: Rua Doutor Rodrigues De Azevedo | I46: 240 | J46: Rua Doutor Rodrigues de Azevedo | K46: Centro | L46: Lorena | M46: SP | N46: 12600-005 | O46: THIAGO | P46: ERICSON | Q46: (12) 3159-1169 | R46: (12) 97411-7364 | S46: loja049@oscarcalcados.com.br | T46: gerente049@oscarcalcados.com.br | U46: 0.375 | V46: 0.79166667 | AG46: Produção | AJ46: Última validação: | AK46: =IFERROR(__xludf.DUMMYFUNCTION("""COMPUTED_VALUE"""),"50915875002488") -> 50915875002488
A47: 50 | B47: 050 - Victor Hugo Cn | C47: Bruno Cazarine Constantino Bolsas Ltda | D47: 21.400.535/0001-20 | E47: Aberta | F47: Grupo Victor Hugo | G47: Grupo F9 | H47: Avenida São João | I47: 2200 | J47: Avenida São João, Lj 73/74/75 | K47: Jardim Das Colinas | L47: São José Dos Campos | M47: SP | N47: 12242-000 | O47: SUILA | P47: SONIA | Q47: (12) 3904-3540 | R47: (12) 97411-9148 | U47: 0.41666667 | V47: 0.91666667 | AG47: Produção | AJ47: Última validação: | AK47: =IFERROR(__xludf.DUMMYFUNCTION("""COMPUTED_VALUE"""),"21400535000120") -> 21400535000120
A48: 52 | B48: 052 - Outlet Bauru | C48: Outlet Bauru Calcados Ltda | D48: 61.195.652/0001-13 | E48: Aberta | F48: Grupo Oscar Calçados | G48: Grupo F7 | H48: Avenida Duque De Caxias | I48: 2121 | K48: Vila Cardia | L48: Bauru | M48: SP | N48: 17011-066 | O48: JOÃO PAULO | P48: ERICSON | S48: loja052@oscarcalcados.com.br | AG48: Produção | AK48: =IFERROR(__xludf.DUMMYFUNCTION("""COMPUTED_VALUE"""),"61195652000113") -> 61195652000113
A49: 53 | B49: 053 - Bauru Shopp | C49: Rc Bauru Calcados Ltda | D49: 45.151.240/0001-25 | E49: Aberta | F49: Grupo Oscar Calçados | G49: Grupo F7 | H49: Rua Henrique Savi | I49: 55 | J49: Rua Henrique Savi | K49: Vila Cidade Universitaria | L49: Bauru | M49: SP | N49: 17011-900 | O49: JOÃO PAULO | P49: ERICSON | Q49: (14) 3104-0511 | R49: (17) 97400-0340 | S49: loja053@oscarcalcados.com.br | T49: gerente053@oscarcalcados.com.br | U49: 0.41666667 | V49: 0.91666667 | AG49: Produção | AJ49: Última validação: | AK49: =IFERROR(__xludf.DUMMYFUNCTION("""COMPUTED_VALUE"""),"45151240000125") -> 45151240000125
A50: 54 | B50: 054 - Ribeirão Centro | C50: Oscar Calcados Ltda | D50: 50.915.875/0037-00 | E50: Aberta | F50: Grupo Oscar Calçados | G50: Grupo F1 | H50: Rua Álvares Cabral | I50: 470 | J50: Rua Álvares Cabral | K50: Centro | L50: Ribeirão Preto | M50: SP | N50: 14010-080 | O50: RODRIGO | P50: ERICSON | Q50: (16) 3519-3389 | R50: (16) 97400-2273 | S50: loja054@oscarcalcados.com.br | T50: gerente054@oscarcalcados.com.br | U50: 0.375 | V50: 0.79166667 | AG50: Produção | AJ50: Última validação: | AK50: =IFERROR(__xludf.DUMMYFUNCTION("""COMPUTED_VALUE"""),"50915875003700") -> 50915875003700
A51: 55 | B51: 055 - Usaflex Mogi Shopp | C51: Lucon Ferraz Calcados Ltda | D51: 31.795.183/0001-02 | E51: Aberta | F51: Grupo Usaflex | G51: Grupo F9 | H51: Avenida Vereador Narciso Yague Guimarães | I51: 1001 | J51: Av Ver Narciso Yague Guimarães, lj 313 | K51: Jardim Armênia | L51: Mogi Das Cruzes | M51: SP | N51: 08780-910 | O51: ARTEMIS | P51: HELENA | Q51: (11) 4728-7190 | R51: (11) 97600-4756 | S51: mogishopping@usaflexfranquias.com.br | U51: 0.41666667 | V51: 0.91666667 | AG51: Produção | AJ51: Última validação: | AK51: =IFERROR(__xludf.DUMMYFUNCTION("""COMPUTED_VALUE"""),"31795183000102") -> 31795183000102
A52: 56 | B52: 056 - Usaflex Guarulhos Shopp | C52: Apc Fernandes Calcados Ltda | D52: 33.452.971/0001-21 | E52: Aberta | F52: Grupo Usaflex | G52: Grupo F9 | H52: Rua Engenheiro Camilo Olivetti | I52: 295 | J52: Rua Engº Camilo Olivetti, loja I25 | K52: Vila Endres | L52: Guarulhos | M52: SP | N52: 07042-040 | O52: ARTEMIS | P52: HELENA | Q52: (11) 2425-5339 | R52: (12) 99199-1202 | S52: internacionalguarulhos@usaflexfranquias.com.br | U52: 0.41666667 | V52: 0.91666667 | AG52: Produção | AJ52: Última validação: | AK52: =IFERROR(__xludf.DUMMYFUNCTION("""COMPUTED_VALUE"""),"33452971000121") -> 33452971000121
A53: 57 | B53: 057 - Usaflex Suzano Shopp | C53: Uss Comercio De Calcados Ltda | D53: 33.930.685/0001-24 | E53: Aberta | F53: Grupo Usaflex | G53: Grupo F9 | H53: Rua Sete De Setembro | I53: 555 | J53: Rua Sete de Setembro, loja 139 | K53: Parque Suzano | L53: Suzano | M53: SP | N53: 08673-020 | O53: ARTEMIS | P53: HELENA | Q53: (11) 4744-8352 | R53: (11) 94028-4993 | S53: suzanoshopping@usaflexfranquias.com.br | U53: 0.41666667 | V53: 0.91666667 | AG53: Produção | AJ53: Última validação: | AK53: =IFERROR(__xludf.DUMMYFUNCTION("""COMPUTED_VALUE"""),"33930685000124") -> 33930685000124
A54: 58 | B54: 058 - Ribeirão Shopp | C54: Oscar Calcados Ltda | D54: 50.915.875/0061-22 | E54: Aberta | F54: Grupo Oscar Calçados | G54: Grupo F1 | H54: Avenida Coronel Fernando Ferreira Leite | I54: 1540 | J54: Avenida Coronel Fernando Ferreira Leite | K54: Jardim Califórnia | L54: Ribeirão Preto | M54: SP | N54: 14026-900 | O54: RODRIGO | P54: ERICSON | Q54: (16) 3902-1049 | R54: (16) 97401-3273 | S54: loja058@oscarcalcados.com.br | T54: gerente058@oscarcalcados.com.br | U54: 0.41666667 | V54: 0.91666667 | AG54: Produção | AJ54: Última validação: | AK54: =IFERROR(__xludf.DUMMYFUNCTION("""COMPUTED_VALUE"""),"50915875006122") -> 50915875006122
A55: 59 | B55: 059 - Usaflex Tatuapé Shopp | C55: Ust Comercio De Calcados Ltda | D55: 36.204.835/0001-00 | E55: Aberta | F55: Grupo Usaflex | G55: Grupo F9 | H55: Rua Domingos Agostim | I55: 91 | J55: Rua Domingos Agostim | K55: Cidade Mãe Do Céu | L55: São Paulo | M55: SP | N55: 03306-900 | O55: ARTEMIS | P55: HELENA | Q55: (11) 2095-4409 | R55: (11) 93925-1211 | S55: shoppingmetrotatuape@usaflexfranquias.com.br | U55: 0.41666667 | V55: 0.91666667 | AG55: Produção | AJ55: Última validação: | AK55: =IFERROR(__xludf.DUMMYFUNCTION("""COMPUTED_VALUE"""),"36204835000100") -> 36204835000100
A56: 60 | B56: 060 - Anacapri Suzano Shopp | C56: Acs Comercio De Calcados Eireli | D56: 36.191.797/0001-07 | E56: Aberta | F56: Grupo Anacapri | G56: Grupo F9 | H56: Rua Sete De Setembro | I56: 555 | J56: Rua Sete de Setembro, lj 81 | K56: Parque Suzano | L56: Suzano | M56: SP | N56: 08673-020 | O56: ARTEMIS | P56: HELENA | Q56: (11) 4748-9430 | R56: (11) 94005-2188 | S56: loja060@lojasanacapri.com.br | T56: gerente060@lojasanacapri.com.br | U56: 0.41666667 | V56: 0.91666667 | AG56: Produção | AJ56: Última validação: | AK56: =IFERROR(__xludf.DUMMYFUNCTION("""COMPUTED_VALUE"""),"36191797000107") -> 36191797000107
A57: 61 | B57: 061 - Jundiaí | C57: Oscar Calcados Ltda | D57: 50.915.875/0035-30 | E57: Aberta | F57: Grupo Oscar Calçados | G57: Grupo F1 | H57: Rua Barao De Jundiai | I57: 634 | J57: Rua Barão de Jundiaí | K57: Centro | L57: Jundiaí | M57: SP | N57: 13201-011 | O57: LUIGI | P57: ERICSON | Q57: (11) 4523-6553 | R57: (11) 94776-9077 | S57: loja061@oscarcalcados.com.br | T57: gerente061@oscarcalcados.com.br | U57: 0.375 | V57: 0.79166667 | AG57: Produção | AJ57: Última validação: | AK57: =IFERROR(__xludf.DUMMYFUNCTION("""COMPUTED_VALUE"""),"50915875003530") -> 50915875003530
A58: 62 | B58: 062 - Piracicaba | C58: Oscar Calcados Ltda | D58: 50.915.875/0046-93 | E58: Aberta | F58: Grupo Oscar Calçados | G58: Grupo F1 | H58: Rua Governador Pedro De Toledo | I58: 1211 | J58: Rua Governador Pedro de Toledo | K58: Centro | L58: Piracicaba | M58: SP | N58: 13400-070 | O58: LUIGI | P58: ERICSON | Q58: (19) 3447-7996 | R58: (19) 97401-4761 | S58: loja062@oscarcalcados.com.br | T58: gerente062@oscarcalcados.com.br | U58: 0.375 | V58: 0.79166667 | AG58: Produção | AJ58: Última validação: | AK58: =IFERROR(__xludf.DUMMYFUNCTION("""COMPUTED_VALUE"""),"50915875004693") -> 50915875004693
A59: 63 | B59: 063 - Sorocaba | C59: Oscar Calcados Ltda | D59: 50.915.875/0036-11 | E59: Aberta | F59: Grupo Oscar Calçados | G59: Grupo F1 | H59: Rua Doutor Braguinha | I59: 264 | J59: Rua Doutor Braguinha | K59: Centro | L59: Sorocaba | M59: SP | N59: 18010-120 | O59: LUIGI | P59: ERICSON | Q59: (15) 3219-1158 | R59: (15) 99153-6793 | S59: loja063@oscarcalcados.com.br | T59: gerente063@oscarcalcados.com.br | U59: 0.375 | V59: 0.79166667 | AG59: Produção | AJ59: Última validação: | AK59: =IFERROR(__xludf.DUMMYFUNCTION("""COMPUTED_VALUE"""),"50915875003611") -> 50915875003611
A60: 64 | B60: 064 - Araraquara | C60: Oscar Calcados Ltda | D60: 50.915.875/0048-55 | E60: Aberta | F60: Grupo Oscar Calçados | G60: Grupo F1 | H60: Rua 9 De Julho | I60: 793 | J60: Rua 9 de Julho | K60: Centro | L60: Araraquara | M60: SP | N60: 14801-295 | O60: CLAUDIO | P60: ERICSON | Q60: (16) 3301-0904 | R60: (16) 97400-1925 | S60: loja064@oscarcalcados.com.br | T60: gerente064@oscarcalcados.com.br | U60: 0.375 | V60: 0.79166667 | AG60: Produção | AJ60: Última validação: | AK60: =IFERROR(__xludf.DUMMYFUNCTION("""COMPUTED_VALUE"""),"50915875004855") -> 50915875004855
A61: 65 | B61: 065 - Mogi Mirim | C61: Jo Calcados Ltda | D61: 48.973.705/0018-60 | E61: Fechada | F61: Grupo Oscar Calçados | G61: Grupo F2 | H61: Rua Quinze De Novembro | I61: 102 | J61: Rua Quinze de Novembro | K61: Centro | L61: Mogi Mirim | M61: SP | N61: 13800-185 | O61: CLAUDIO | P61: ERICSON | Q61: (19) 3814-0021 | R61: (12) 97411-6633 | S61: loja065@oscarcalcados.com.br | T61: gerente065@oscarcalcados.com.br | AG61: Produção | AJ61: Última validação: | AK61: =IFERROR(__xludf.DUMMYFUNCTION("""COMPUTED_VALUE"""),"48973705001860") -> 48973705001860
A62: 66 | B62: 066 - Mogi Guaçu | C62: Oscar Calcados Ltda | D62: 50.915.875/0040-06 | E62: Aberta | F62: Grupo Oscar Calçados | G62: Grupo F1 | H62: Rua Apolinario | I62: 79 | J62: Rua Apolinário | K62: Centro | L62: Mogi Guaçu | M62: SP | N62: 13840-035 | O62: LUIGI | P62: ERICSON | Q62: (18) 3607-2279 | R62: (12) 97813-0006 | S62: loja066@oscarcalcados.com.br | T62: gerente066@oscarcalcados.com.br | U62: 0.375 | V62: 0.79166667 | AG62: Produção | AJ62: Última validação: | AK62: =IFERROR(__xludf.DUMMYFUNCTION("""COMPUTED_VALUE"""),"50915875004006") -> 50915875004006
A63: 67 | B63: 067 - Oriente Shopp | C63: Oscar Calcados Ltda | D63: 50.915.875/0011-63 | E63: Aberta | F63: Grupo Oscar Calçados | G63: Grupo F1 | H63: Rua Andorra | I63: 500 | J63: Rua Andorra | K63: Jardim América | L63: São José Dos Campos | M63: SP | N63: 12235-050 | O63: PETERSON | P63: ERICSON | Q63: (12) 3932-5654 | R63: (12) 97410-0256 | S63: loja067@oscarcalcados.com.br | T63: gerente067@oscarcalcados.com.br | U63: 0.41666667 | V63: 0.91666667 | AG63: Produção | AJ63: Última validação: | AK63: =IFERROR(__xludf.DUMMYFUNCTION("""COMPUTED_VALUE"""),"50915875001163") -> 50915875001163
A64: 68 | B64: 068 - Bauru Ct | C64: Oscar Calcados Ltda | D64: 50.915.875/0045-02 | E64: Aberta | F64: Grupo Oscar Calçados | G64: Grupo F1 | H64: Rua Batista De Carvalho | I64: 5 | J64: Rua Batista de Carvalho | K64: Centro | L64: Bauru | M64: SP | N64: 17010-001 | O64: JOÃO PAULO | P64: ERICSON | Q64: (14) 3102-1139 | R64: (12) 97406-0288 | S64: loja068@oscarcalcados.com.br | T64: gerente068@oscarcalcados.com.br | U64: 0.375 | V64: 0.75 | AG64: Produção | AJ64: Última validação: | AK64: =IFERROR(__xludf.DUMMYFUNCTION("""COMPUTED_VALUE"""),"50915875004502") -> 50915875004502
A65: 69 | B65: 069 - Piracicaba | C65: Jo Calcados Ltda | D65: 48.973.705/0028-31 | E65: Fechada | F65: Grupo Oscar Calçados | G65: Grupo F2 | H65: Rua Governador Pedro De Toledo | I65: 1118 | K65: Centro | L65: Piracicaba | M65: SP | N65: 13400-060 | O65: CLAUDIO | P65: ERICSON | S65: loja069@oscarcalcados.com.br | AG65: Produção | AK65: =IFERROR(__xludf.DUMMYFUNCTION("""COMPUTED_VALUE"""),"48973705002831") -> 48973705002831
A66: 70 | B66: 070 - Anacapri Centervale | C66: Accv Calcados Ltda | D66: 48.145.491/0001-95 | E66: Aberta | F66: Grupo Anacapri | G66: Grupo F9 | H66: Avenida Deputado Benedito Matarazzo | I66: 9403 | J66: Avenida Deputado Benedito Matarazzo, loja m 305 | K66: Jardim Oswaldo Cruz | L66: São José Dos Campos | M66: SP | N66: 12216-580 | O66: ARTEMIS | P66: HELENA | Q66: (12) 3946-8300 | R66: (12) 99228-6119 | S66: loja070@lojasanacapri.com.br | T66: gerente070@lojasanacapri.com.br | U66: 0.41666667 | V66: 0.91666667 | AG66: Produção | AJ66: Última validação: | AK66: =IFERROR(__xludf.DUMMYFUNCTION("""COMPUTED_VALUE"""),"48145491000195") -> 48145491000195
A67: 71 | B67: 071 - Anacapri Valesul | C67: Acvs Calcados Ltda | D67: 48.277.781/0001-92 | E67: Aberta | F67: Grupo Anacapri | G67: Grupo F9 | H67: Avenida Andrômeda | I67: 227 | J67: Avenida Andrômeda, loja suc 202a | K67: Jardim Satélite | L67: São José Dos Campos | M67: SP | N67: 12230-000 | O67: ARTEMIS | P67: HELENA | Q67: (12) 3935-4079 | R67: (12) 97411-3506 | S67: loja071@lojasanacapri.com.br | T67: gerente071@lojasanacapri.com.br | U67: 0.41666667 | V67: 0.91666667 | AG67: Produção | AJ67: Última validação: | AK67: =IFERROR(__xludf.DUMMYFUNCTION("""COMPUTED_VALUE"""),"48277781000192") -> 48277781000192
A68: 72 | B68: 072 - Novo Shopp Ribeirão | C68: Oscar Calcados Ltda | D68: 50.915.875/0053-12 | E68: Aberta | F68: Grupo Oscar Calçados | G68: Grupo F1 | H68: Avenida Presidente Kennedy | I68: 1500 | J68: Avenida Presidente Kennedy, loja arcos 172,174,176,178 | K68: Ribeirânia | L68: Ribeirão Preto | M68: SP | N68: 14096-350 | O68: RODRIGO | P68: ERICSON | R68: (16) 99335-5751 | S68: loja072@oscarcalcados.com.br | T68: gerente072@oscarcalcados.com.br | U68: 0.41666667 | V68: 0.91666667 | AG68: Produção | AJ68: Última validação: | AK68: =IFERROR(__xludf.DUMMYFUNCTION("""COMPUTED_VALUE"""),"50915875005312") -> 50915875005312
A69: 73 | B69: 073 - Anacapri Oriente Shopp | C69: Accv Calcados Ltda | D69: 48.145.491/0002-76 | E69: Aberta | F69: Grupo Anacapri | G69: Grupo F9 | H69: Rua Andorra | I69: 500 | J69: Rua Andorra, loja 214 | K69: Jardim América | L69: São José Dos Campos | M69: SP | N69: 12235-050 | O69: ARTEMIS | P69: HELENA | Q69: (12) 3932-4822 | R69: (12) 99229-7356 | S69: loja073@lojasanacapri.com.br | T69: gerente073@lojasanacapri.com.br | U69: 0.41666667 | V69: 0.91666667 | AG69: Produção | AJ69: Última validação: | AK69: =IFERROR(__xludf.DUMMYFUNCTION("""COMPUTED_VALUE"""),"48145491000276") -> 48145491000276
A70: 74 | B70: 074 - Piracicaba Shopping | C70: Oscar Calcados Ltda | D70: 50.915.875/0057-46 | E70: Aberta | F70: Grupo Oscar Calçados | G70: Grupo F1 | H70: Avenida Limeira | I70: 722 | J70: Av Limeira, sala c57,59,62,63 p-58 | K70: Areao | L70: Piracicaba | M70: SP | N70: 13414-900 | O70: LUIGI | P70: ERICSON | Q70: (19) 3412-1028 | R70: (19) 99391-7528 | S70: loja074@oscarcalcados.com.br | T70: gerente074@oscarcalcados.com.br | U70: 0.41666667 | V70: 0.91666667 | AG70: Produção | AJ70: Última validação: | AK70: =IFERROR(__xludf.DUMMYFUNCTION("""COMPUTED_VALUE"""),"50915875005746") -> 50915875005746
A71: 75 | B71: 075 - Cruzeiro | C71: Oscar Calcados Ltda | D71: 50.915.875/0034-50 | E71: Aberta | F71: Grupo Oscar Calçados | G71: Grupo F1 | H71: Rua Doutor Othon Barcelos, 5 | I71: 5 | J71: Rua Doutor Othon Barcelos, loja 09,10,11,12,13 | K71: Itagaçaba | L71: Cruzeiro | M71: SP | N71: 12730-010 | O71: THIAGO | P71: ERICSON | Q71: (12) 3928-7871 | R71: (12) 99218-1689 | S71: loja075@oscarcalcados.com.br | T71: gerente075@oscarcalcados.com.br | U71: 0.41666667 | V71: 0.91666667 | AG71: Produção | AJ71: Última validação: | AK71: =IFERROR(__xludf.DUMMYFUNCTION("""COMPUTED_VALUE"""),"50915875003450") -> 50915875003450
A72: 76 | B72: 076 - Outlet Oscar Motorama | C72: Bruno Cazarine Constantino | D72: 09.332.225/0001-10 | E72: Aberta | F72: Grupo Oscar Calçados | G72: Grupo F7 | H72: Rua Dos Lírios | I72: 459 | J72: Rua dos Lírios, loja 02 | K72: Jardim Motorama | L72: São José Dos Campos | M72: SP | N72: 12224-010 | O72: LUIS AMERICO | P72: ERICSON | Q72: (12) 3932-0068 | R72: (12) 99205-6082 | S72: loja076@oscarcalcados.com.br | T72: gerente076@oscarcalcados.com.br | U72: 0.375 | V72: 0.79166667 | AG72: Produção | AJ72: Última validação: | AK72: =IFERROR(__xludf.DUMMYFUNCTION("""COMPUTED_VALUE"""),"09332225000110") -> 09332225000110
A73: 77 | B73: 077 - Jundiai Maxi Shopp | C73: Oscar Calcados Ltda | D73: 50.915.875/0055-84 | E73: Aberta | F73: Grupo Oscar Calçados | G73: Grupo F1 | H73: Avenida Antonio Frederico Ozanan | I73: 6000 | J73: Avenida Antonio Frederico Ozanan | K73: Vila Rio Branco | L73: Jundiai | M73: SP | N73: 13215-900 | O73: LUIGI | P73: ERICSON | R73: (11) 94789-8933 | S73: loja077@oscarcalcados.com.br | T73: gerente077@oscarcalcados.com.br | U73: 0.41666667 | V73: 0.91666667 | AG73: Produção | AJ73: Última validação: | AK73: =IFERROR(__xludf.DUMMYFUNCTION("""COMPUTED_VALUE"""),"50915875005584") -> 50915875005584
A74: 78 | B74: 078 - Bauru Boulevard Shopp | C74: Oscar Calcados Ltda | D74: 50.915.875/0056-65 | E74: Aberta | F74: Grupo Oscar Calçados | G74: Grupo F1 | H74: Rua General Marcondes Salgado | I74: 1139 | J74: Rua General Marcondes Salgado | K74: Chacara Das Flores | L74: Bauru | M74: SP | N74: 17013-113 | O74: JOÃO PAULO | P74: ERICSON | R74: (14) 99182-3834 | S74: loja078@oscarcalcados.com.br | T74: gerente078@oscarcalcados.com.br | U74: 0.41666667 | V74: 0.91666667 | AG74: Produção | AJ74: Última validação: | AK74: =IFERROR(__xludf.DUMMYFUNCTION("""COMPUTED_VALUE"""),"50915875005665") -> 50915875005665
A75: 79 | B75: 079 - Outlet Pres. Prudente | C75: Outlet Bauru Calcados Ltda | D75: 61.195.652/0002-02 | E75: Fechada | F75: Grupo Oscar Calçados | G75: Grupo F7 | H75: Rua Tenente Nicolau Maffei | I75: 360 | K75: Centro | L75: Presidente Prudente | M75: SP | N75: 19010-010 | O75: ROGERS | P75: ERICSON | S75: loja079@oscarcalcados.com.br | AG75: Produção | AK75: =IFERROR(__xludf.DUMMYFUNCTION("""COMPUTED_VALUE"""),"61195652000202") -> 61195652000202
A76: 90 | B76: 090 - Cd- Ponta Sz | C76: Cd- Ponta Sz | D76: 43.144.476/0001-09 | E76: Fechada | F76: Grupo Stock Show Mogi | G76: Geral | H76: Rua Professor Flaviano De Melo | I76: 1 | K76: Centro | L76: Mogi Das Cruzes | M76: SP | N76: 08710-000 | AG76: Produção | AK76: =IFERROR(__xludf.DUMMYFUNCTION("""COMPUTED_VALUE"""),"43144476000109") -> 43144476000109
A77: 92 | B77: 092 - Indenização | C77: Oscar Calçados Ltda | D77: 52.438.815/0001-50 | E77: Aberta | F77: Grupo Defeito | G77: Geral | H77: Rua Serra Do Parima | I77: 123 | K77: Jardim Anhembi | L77: São José Dos Campos | M77: SP | N77: 12235-210 | AG77: Produção | AK77: =IFERROR(__xludf.DUMMYFUNCTION("""COMPUTED_VALUE"""),"52438815000150") -> 52438815000150
A78: 94 | B78: 094 - Descarte | C78: Descarte | D78: 89.705.513/0001-01 | E78: Fechada | F78: Grupo Defeito | G78: Geral | H78: Xxxxxxxxxxxxxxxxx | I78: 1 | K78: Xxxxxxxxxxxxx | L78: Mogi Das Cruzes | M78: SP | N78: 08700-000 | AG78: Produção | AK78: =IFERROR(__xludf.DUMMYFUNCTION("""COMPUTED_VALUE"""),"89705513000101") -> 89705513000101
A79: 100 | B79: 100 - Logística Ecommerce | C79: Oscar Calcados Ltda | D79: 19.991.321/0001-23 | E79: Fechada | F79: Grupo Oscar Ecommerce | G79: Geral | H79: Rua Paraibuna | I79: 1692 | K79: Vila Nair | L79: São José Dos Campos | M79: SP | N79: 12231-010 | AG79: Produção | AK79: =IFERROR(__xludf.DUMMYFUNCTION("""COMPUTED_VALUE"""),"19991321000123") -> 19991321000123
A80: 101 | B80: 101 - Botucatu | C80: Oscar Calcados Ltda | D80: 50.915.875/0050-70 | E80: Aberta | F80: Grupo Oscar Calçados | G80: Grupo F1 | H80: Praca Comendador Emilio Pedutti | I80: 35 | J80: Praça Comendador Emílio Pedutti | K80: Centro | L80: Botucatu | M80: SP | N80: 18600-410 | O80: JOÃO PAULO | P80: ERICSON | Q80: (14) 3881-2054 | R80: (14) 97400-1059 | S80: loja101@oscarcalcados.com.br | T80: gerente101@oscarcalcados.com.br | U80: 0.375 | V80: 0.79166667 | AG80: Produção | AJ80: Última validação: | AK80: =IFERROR(__xludf.DUMMYFUNCTION("""COMPUTED_VALUE"""),"50915875005070") -> 50915875005070
A81: 102 | B81: 102 - Ituiutaba | C81: Oscar Calcados Ltda | D81: 50.915.875/0066-37 | E81: Aberta | F81: Grupo Oscar Calçados | G81: Grupo F1 | H81: Rua Vinte E Dois | I81: 616 | J81: Rua Vinte e Dois | K81: Centro | L81: Ituiutaba | M81: MG | N81: 38300-076 | O81: RODRIGO | P81: ERICSON | Q81: (34) 3402-1065 | R81: (34) 8439-4511 | S81: loja102@oscarcalcados.com.br | T81: gerente102@oscarcalcados.com.br | U81: 0.375 | V81: 0.79166667 | AG81: Produção | AJ81: Última validação: | AK81: =IFERROR(__xludf.DUMMYFUNCTION("""COMPUTED_VALUE"""),"50915875006637") -> 50915875006637
A82: 105 | B82: 105 - Uberaba | C82: Oscar Calcados Ltda | D82: 50.915.875/0063-94 | E82: Aberta | F82: Grupo Oscar Calçados | G82: Grupo F1 | H82: Rua Artur Machado | I82: 41 | J82: Rua Artur Machado | K82: Centro | L82: Uberaba | M82: MG | N82: 38010-020 | O82: RODRIGO | P82: ERICSON | Q82: (34) 3025-0886 | R82: (34) 7400-6023 | S82: loja105@oscarcalcados.com.br | T82: gerente105@oscarcalcados.com.br | U82: 0.375 | V82: 0.75 | AG82: Produção | AJ82: Última validação: | AK82: =IFERROR(__xludf.DUMMYFUNCTION("""COMPUTED_VALUE"""),"50915875006394") -> 50915875006394
A83: 106 | B83: 106 - Rio Preto Cl1 | C83: Oscar Calcados Ltda | D83: 50.915.875/0052-31 | E83: Aberta | F83: Grupo Oscar Calçados | G83: Grupo F1 | H83: Rua General Glicerio | I83: 2928 | J83: Rua General Glicério | K83: Centro | L83: Sao Jose Do Rio Preto | M83: SP | N83: 15015-400 | O83: ROGERS | P83: ERICSON | Q83: (17) 3214-4309 | R83: (17) 97400-5079 | S83: loja106@oscarcalcados.com.br | T83: gerente106@oscarcalcados.com.br | U83: 0.375 | V83: 0.75 | AG83: Produção | AJ83: Última validação: | AK83: =IFERROR(__xludf.DUMMYFUNCTION("""COMPUTED_VALUE"""),"50915875005231") -> 50915875005231
A84: 108 | B84: 108 - Votuporanga | C84: Jo Calcados Ltda | D84: 50.915.875/0041-89 | E84: Aberta | F84: Grupo Oscar Calçados | G84: Grupo F1 | H84: Rua Amazonas | I84: 3281 | J84: Rua Amazonas | K84: Patrimonio Novo | L84: Votuporanga | M84: SP | N84: 15500-004 | O84: ROGERS | P84: ERICSON | Q84: (17) 3426-5477 | R84: (17) 97400-2447 | S84: loja108@oscarcalcados.com.br | T84: gerente108@oscarcalcados.com.br | U84: 0.375 | V84: 0.75 | AF84: 11794 | AG84: Produção | AJ84: Última validação: | AK84: =IFERROR(__xludf.DUMMYFUNCTION("""COMPUTED_VALUE"""),"50915875004189") -> 50915875004189
A85: 109 | B85: 109 - Araraquara Mega | C85: Oscar Calcados Ltda | D85: 50.915.875/0039-64 | E85: Aberta | F85: Grupo Oscar Calçados | G85: Grupo F1 | H85: Rua 9 De Julho | I85: 991 | J85: Rua 9 de Julho | K85: Centro | L85: Araraquara | M85: SP | N85: 14801-295 | O85: CLAUDIO | P85: ERICSON | Q85: (16) 3303-0289 | R85: (16) 97400-2919 | S85: loja109@oscarcalcados.com.br | T85: gerente109@oscarcalcados.com.br | U85: 0.375 | V85: 0.75 | AG85: Produção | AJ85: Última validação: | AK85: =IFERROR(__xludf.DUMMYFUNCTION("""COMPUTED_VALUE"""),"50915875003964") -> 50915875003964
A86: 111 | B86: 111 - Franca | C86: Oscar Calcados Ltda | D86: 50.915.875/0038-83 | E86: Aberta | F86: Grupo Oscar Calçados | G86: Grupo F1 | H86: Rua Major Claudiano | I86: 1950 | J86: Rua Major Claudiano | K86: Centro | L86: Franca | M86: SP | N86: 14400-690 | O86: RODRIGO | P86: ERICSON | Q86: (16) 3939-9781 | R86: (16) 97403-0489 | S86: loja111@oscarcalcados.com.br | T86: gerente111@oscarcalcados.com.br | U86: 0.375 | V86: 0.75 | AG86: Produção | AJ86: Última validação: | AK86: =IFERROR(__xludf.DUMMYFUNCTION("""COMPUTED_VALUE"""),"50915875003883") -> 50915875003883
A87: 113 | B87: 113 - Uberlândia | C87: Oscar Calcados Ltda | D87: 50.915.875/0065-56 | E87: Aberta | F87: Grupo Oscar Calçados | G87: Grupo F1 | H87: Avenida Floriano Peixoto | I87: 396 | J87: Av. Floriano Peixoto | K87: Centro | L87: Uberlândia | M87: MG | N87: 38400-100 | O87: RODRIGO | P87: ERICSON | Q87: (34) 3458-9883 | R87: (34) 7400-6637 | S87: loja113@oscarcalcados.com.br | T87: gerente113@oscarcalcados.com.br | U87: 0.375 | V87: 0.75 | AG87: Produção | AJ87: Última validação: | AK87: =IFERROR(__xludf.DUMMYFUNCTION("""COMPUTED_VALUE"""),"50915875006556") -> 50915875006556
A88: 114 | B88: 114 - Limeira | C88: Oscar Calcados Ltda | D88: 50.915.875/0058-27 | E88: Aberta | F88: Grupo Oscar Calçados | G88: Grupo F1 | H88: Rua Senador Vergueiro | I88: 396 | J88: Rua Senador Vergueiro | K88: Centro | L88: Limeira | M88: SP | N88: 13480-005 | O88: CLAUDIO | P88: ERICSON | Q88: (19) 3404-1774 | R88: (19) 97401-2656 | S88: loja114@oscarcalcados.com.br | T88: gerente114@oscarcalcados.com.br | U88: 0.375 | V88: 0.75 | AG88: Produção | AJ88: Última validação: | AK88: =IFERROR(__xludf.DUMMYFUNCTION("""COMPUTED_VALUE"""),"50915875005827") -> 50915875005827
A89: 115 | B89: 115 - Ourinhos | C89: Oscar Calcados Ltda | D89: 50.915.875/0049-36 | E89: Aberta | F89: Grupo Oscar Calçados | G89: Grupo F1 | H89: Rua Antonio Carlos Mori | I89: 273 | J89: Rua Antônio Carlos Mori | K89: Centro | L89: Ourinhos | M89: SP | N89: 19900-080 | O89: JOÃO PAULO | P89: ERICSON | Q89: (14) 3302-9190 | R89: (14) 97400-1431 | S89: loja115@oscarcalcados.com.br | T89: gerente115@oscarcalcados.com.br | U89: 0.375 | V89: 0.75 | AG89: Produção | AJ89: Última validação: | AK89: =IFERROR(__xludf.DUMMYFUNCTION("""COMPUTED_VALUE"""),"50915875004936") -> 50915875004936
A90: 116 | B90: 116 - São Carlos | C90: Oscar Calcados Ltda | D90: 50.915.875/0059-08 | E90: Aberta | F90: Grupo Oscar Calçados | G90: Grupo F1 | H90: Rua General Osório | I90: 848 | J90: Rua General Ozorio | K90: Jardim São Carlos | L90: São Carlos | M90: SP | N90: 13560-640 | O90: CLAUDIO | P90: ERICSON | Q90: (16) 3373-1020 | R90: (16) 97403-0556 | S90: loja116@oscarcalcados.com.br | T90: gerente116@oscarcalcados.com.br | U90: 0.375 | V90: 0.75 | AG90: Produção | AJ90: Última validação: | AK90: =IFERROR(__xludf.DUMMYFUNCTION("""COMPUTED_VALUE"""),"50915875005908") -> 50915875005908
A91: 117 | B91: 117 - Bauru | C91: Oscar Calcados Ltda | D91: 50.915.875/0042-60 | E91: Aberta | F91: Grupo Oscar Calçados | G91: Grupo F1 | H91: Rua Batista De Carvalho | I91: 4061 | J91: Rua Batista de Carvalho | K91: Centro | L91: Bauru | M91: SP | N91: 17010-000 | O91: JOÃO PAULO | P91: ERICSON | Q91: (14) 3102-0000 | R91: (14) 97400-1352 | S91: loja117@oscarcalcados.com.br | T91: gerente117@oscarcalcados.com.br | U91: 0.375 | V91: 0.75 | AG91: Produção | AJ91: Última validação: | AK91: =IFERROR(__xludf.DUMMYFUNCTION("""COMPUTED_VALUE"""),"50915875004260") -> 50915875004260
A92: 118 | B92: 118 - Catanduva | C92: Oscar Calcados Ltda | D92: 50.915.875/0043-40 | E92: Aberta | F92: Grupo Oscar Calçados | G92: Grupo F1 | H92: Praca Monsenhor Albino | I92: 80 | J92: Praça Monsenhor Albino | K92: Centro | L92: Catanduva | M92: SP | N92: 15800-215 | O92: ROGERS | P92: ERICSON | Q92: (17) 3525-5586 | R92: (17) 97400-6025 | S92: loja118@oscarcalcados.com.br | T92: gerente118@oscarcalcados.com.br | U92: 0.375 | V92: 0.75 | AG92: Produção | AJ92: Última validação: | AK92: =IFERROR(__xludf.DUMMYFUNCTION("""COMPUTED_VALUE"""),"50915875004340") -> 50915875004340
A93: 119 | B93: 119 - Barretos | C93: Oscar Calcados Ltda | D93: 50.915.875/0051-50 | E93: Aberta | F93: Grupo Oscar Calçados | G93: Grupo F1 | H93: Avenida 19 | I93: 875 | J93: Avenida 19 | K93: Centro | L93: Barretos | M93: SP | N93: 14780-300 | O93: CLAUDIO | P93: ERICSON | Q93: (17) 3321-7659 | R93: (17) 97400-5534 | S93: loja119@oscarcalcados.com.br | T93: gerente119@oscarcalcados.com.br | U93: 0.375 | V93: 0.75 | AG93: Produção | AJ93: Última validação: | AK93: =IFERROR(__xludf.DUMMYFUNCTION("""COMPUTED_VALUE"""),"50915875005150") -> 50915875005150
A94: 120 | B94: 120 - Presidente Prudente | C94: Oscar Calcados Ltda | D94: 50.915.875/0054-01 | E94: Aberta | F94: Grupo Oscar Calçados | G94: Grupo F1 | H94: Rua Siqueira Campos | I94: 615 | J94: Rua Siqueira Campos | K94: Centro | L94: Presidente Prudente | M94: SP | N94: 19010-061 | O94: ROGERS | P94: ERICSON | Q94: (18) 3221-8849 | R94: (18) 97400-2276 | S94: loja120@oscarcalcados.com.br | T94: gerente120@oscarcalcados.com.br | U94: 0.375 | V94: 0.75 | AG94: Produção | AJ94: Última validação: | AK94: =IFERROR(__xludf.DUMMYFUNCTION("""COMPUTED_VALUE"""),"50915875005401") -> 50915875005401
A95: 121 | B95: 121 - Caçapava | C95: Bvb Calcados Ltda | D95: 40.591.677/0001-66 | E95: Aberta | F95: Grupo Oscar Calçados | G95: Grupo F7 | H95: Rua Sete De Setembro | I95: 185 | J95: Rua Sete de Setembro | K95: Centro | L95: Caçapava | M95: SP | N95: 12281-620 | O95: ESTEFAN | P95: ERICSON | Q95: (12) 3654-7349 | R95: (12) 99181-3882 | S95: loja121@oscarcalcados.com.br | T95: gerente121@oscarcalcados.com.br | U95: 0.375 | V95: 0.75 | AG95: Produção | AJ95: Última validação: | AK95: =IFERROR(__xludf.DUMMYFUNCTION("""COMPUTED_VALUE"""),"40591677000166") -> 40591677000166
A96: 122 | B96: 122 - Jô Taubaté Shopp | C96: Oscar Calcados Ltda | D96: 50.915.875/0026-40 | E96: Aberta | F96: Grupo Jô Calçados | G96: Grupo F1 | H96: Avenida Charles Schnneider | I96: 1700 | J96: Avenida Charles Schnneider | K96: Parque Senhor Do Bonfim | L96: Taubaté | M96: SP | N96: 12040-900 | O96: ESTEFAN | P96: ERICSON | Q96: (12) 3625-2649 | R96: (12) 97409-4938 | S96: loja122@jocalcados.com.br | T96: gerente122@jocalcados.com.br | U96: 0.41666667 | V96: 0.91666667 | AG96: Produção | AJ96: Última validação: | AK96: =IFERROR(__xludf.DUMMYFUNCTION("""COMPUTED_VALUE"""),"50915875002640") -> 50915875002640
A97: 123 | B97: 123 - Resende Ct | C97: Oscar Calcados Ltda | D97: 50.915.875/0033-79 | E97: Aberta | F97: Grupo Oscar Calçados | G97: Grupo F1 | H97: Avenida Albino De Almeida | I97: 185 | J97: Avenida Albino de Almeida | K97: Campos Eliseos | L97: Resende | M97: RJ | N97: 27542-080 | O97: THIAGO | P97: ERICSON | Q97: (24) 3032-4076 | R97: (21) 96422-1103 | S97: loja123@oscarcalcados.com.br | T97: gerente123@oscarcalcados.com.br | U97: 0.375 | V97: 0.79166667 | AG97: Produção | AJ97: Última validação: | AK97: =IFERROR(__xludf.DUMMYFUNCTION("""COMPUTED_VALUE"""),"50915875003379") -> 50915875003379
A98: 124 | B98: 124 - Oscar Cl1 | C98: Oscar Calcados Ltda | D98: 50.915.875/0027-20 | E98: Aberta | F98: Grupo Oscar Calçados | G98: Grupo F1 | H98: Rua Sete De Setembro | I98: 115 | J98: Rua Sete de Setembro | K98: Centro | L98: São José Dos Campos | M98: SP | N98: 12210-260 | O98: LUIS AMERICO | P98: ERICSON | Q98: (12) 3908-9007 | R98: (12) 97411-0774 | S98: loja124@oscarcalcados.com.br | T98: gerente124@oscarcalcados.com.br | U98: 0.375 | V98: 0.75 | AG98: Produção | AJ98: Última validação: | AK98: =IFERROR(__xludf.DUMMYFUNCTION("""COMPUTED_VALUE"""),"50915875002720") -> 50915875002720
A99: 125 | B99: 125 - Jô Cl2 | C99: Oscar Calcados Ltda | D99: 50.915.875/0028-01 | E99: Aberta | F99: Grupo Jô Calçados | G99: Grupo F1 | H99: Rua Sete De Setembro | I99: 358 | J99: Rua Sete de Setembro | K99: Centro | L99: São José Dos Campos | M99: SP | N99: 12210-260 | O99: LUIS AMERICO | P99: ERICSON | Q99: (12) 3947-9696 | R99: (12) 97411-9761 | S99: loja125@jocalcados.com.br | T99: gerente125@jocalcados.com.br | U99: 0.375 | V99: 0.75 | AG99: Produção | AJ99: Última validação: | AK99: =IFERROR(__xludf.DUMMYFUNCTION("""COMPUTED_VALUE"""),"50915875002801") -> 50915875002801
A100: 126 | B100: 126 - Jo Guaratingueta | C100: Oscar Calcados Ltda | D100: 50.915.875/0029-92 | E100: Aberta | F100: Grupo Jô Calçados | G100: Grupo F1 | H100: Rua Comendador Rodrigues Alves | I100: 107 | J100: Praça Conselheiro Rodrigues Alves | K100: Centro | L100: Guaratinguetá | M100: SP | N100: 12500-020 | O100: THIAGO | P100: ERICSON | Q100: (12) 3128-3392 | R100: (12) 97411-7325 | S100: loja126@jocalcados.com.br | T100: gerente126@jocalcados.com.br | U100: 0.375 | V100: 0.75 | AG100: Produção | AJ100: Última validação: | AK100: =IFERROR(__xludf.DUMMYFUNCTION("""COMPUTED_VALUE"""),"50915875002992") -> 50915875002992
...

Sheet 📊 RESUMO
B2: 📊 RESUMO GERENCIAL — LOJAS OSCAR
B4: Total de Lojas | C4: =COUNTA('CADASTRO LOJAS'!A3:A230) -> 228
B5: 🟢 Abertas | C5: =COUNTIF('CADASTRO LOJAS'!E3:E230,"Aberta") -> 205
B6: 🔴 Fechadas | C6: =COUNTIF('CADASTRO LOJAS'!E3:E230,"Fechada") -> 23
B7: ⚠️ A Verificar | C7: =COUNTIF('CADASTRO LOJAS'!E3:E230,"VERIFICAR") -> 0
B10: Lojas por Estado (UF) | E10: Lojas por Grupo Financeiro
B11: BA | C11: =COUNTIF('CADASTRO LOJAS'!M3:M230,"BA") -> 9 | E11: Geral | F11: =COUNTIF('CADASTRO LOJAS'!G3:G230,"Geral") -> 11
B12: CE | C12: =COUNTIF('CADASTRO LOJAS'!M3:M230,"CE") -> 9 | E12: Grupo Diad | F12: =COUNTIF('CADASTRO LOJAS'!G3:G230,"Grupo Diad") -> 4
B13: ES | C13: =COUNTIF('CADASTRO LOJAS'!M3:M230,"ES") -> 5 | E13: Grupo F1 | F13: =COUNTIF('CADASTRO LOJAS'!G3:G230,"Grupo F1") -> 59
B14: MG | C14: =COUNTIF('CADASTRO LOJAS'!M3:M230,"MG") -> 5 | E14: Grupo F10 | F14: =COUNTIF('CADASTRO LOJAS'!G3:G230,"Grupo F10") -> 19
B15: RJ | C15: =COUNTIF('CADASTRO LOJAS'!M3:M230,"RJ") -> 1 | E15: Grupo F2 | F15: =COUNTIF('CADASTRO LOJAS'!G3:G230,"Grupo F2") -> 2
B16: RS | C16: =COUNTIF('CADASTRO LOJAS'!M3:M230,"RS") -> 63 | E16: Grupo F3 | F16: =COUNTIF('CADASTRO LOJAS'!G3:G230,"Grupo F3") -> 26
B17: SC | C17: =COUNTIF('CADASTRO LOJAS'!M3:M230,"SC") -> 31 | E17: Grupo F4 | F17: =COUNTIF('CADASTRO LOJAS'!G3:G230,"Grupo F4") -> 67
B18: SP | C18: =COUNTIF('CADASTRO LOJAS'!M3:M230,"SP") -> 105 | E18: Grupo F5 | F18: =COUNTIF('CADASTRO LOJAS'!G3:G230,"Grupo F5") -> 3
E19: Grupo F6 | F19: =COUNTIF('CADASTRO LOJAS'!G3:G230,"Grupo F6") -> 2
E20: Grupo F7 | F20: =COUNTIF('CADASTRO LOJAS'!G3:G230,"Grupo F7") -> 11
B21: Lojas por Regional | E21: Grupo F8 | F21: =COUNTIF('CADASTRO LOJAS'!G3:G230,"Grupo F8") -> 9
B22: ARTEMIS | C22: =COUNTIF('CADASTRO LOJAS'!O3:O230,"ARTEMIS") -> 15 | E22: Grupo F9 | F22: =COUNTIF('CADASTRO LOJAS'!G3:G230,"Grupo F9") -> 15
B23: BACKOFFICE | C23: =COUNTIF('CADASTRO LOJAS'!O3:O230,"BACKOFFICE") -> 1
B24: BERNARDO | C24: =COUNTIF('CADASTRO LOJAS'!O3:O230,"BERNARDO") -> 23
B25: CLAUDIO | C25: =COUNTIF('CADASTRO LOJAS'!O3:O230,"CLAUDIO") -> 7
B26: CLOVIS | C26: =COUNTIF('CADASTRO LOJAS'!O3:O230,"CLOVIS") -> 20
B27: ESTEFAN | C27: =COUNTIF('CADASTRO LOJAS'!O3:O230,"ESTEFAN") -> 8
B28: JORGE | C28: =COUNTIF('CADASTRO LOJAS'!O3:O230,"JORGE") -> 17
B29: JOÃO PAULO | C29: =COUNTIF('CADASTRO LOJAS'!O3:O230,"JOÃO PAULO") -> 7
B30: KATIANE | C30: =COUNTIF('CADASTRO LOJAS'!O3:O230,"KATIANE") -> 6
B31: LOJA FECHADA | C31: =COUNTIF('CADASTRO LOJAS'!O3:O230,"LOJA FECHADA") -> 2
B32: LUIGI | C32: =COUNTIF('CADASTRO LOJAS'!O3:O230,"LUIGI") -> 6
B33: LUIS AMERICO | C33: =COUNTIF('CADASTRO LOJAS'!O3:O230,"LUIS AMERICO") -> 9
B34: MATRIZ | C34: =COUNTIF('CADASTRO LOJAS'!O3:O230,"MATRIZ") -> 1
B35: MAURICIO | C35: =COUNTIF('CADASTRO LOJAS'!O3:O230,"MAURICIO") -> 9
B36: PATRICIA | C36: =COUNTIF('CADASTRO LOJAS'!O3:O230,"PATRICIA") -> 23
B37: PETERSON | C37: =COUNTIF('CADASTRO LOJAS'!O3:O230,"PETERSON") -> 5
B38: RODRIGO | C38: =COUNTIF('CADASTRO LOJAS'!O3:O230,"RODRIGO") -> 7
B39: ROGERS | C39: =COUNTIF('CADASTRO LOJAS'!O3:O230,"ROGERS") -> 8
B40: SUILA | C40: =COUNTIF('CADASTRO LOJAS'!O3:O230,"SUILA") -> 2
B41: THIAGO | C41: =COUNTIF('CADASTRO LOJAS'!O3:O230,"THIAGO") -> 6
B42: VIVIANE | C42: =COUNTIF('CADASTRO LOJAS'!O3:O230,"VIVIANE") -> 4
B45: Lojas por Diretor
B46: CERUTTI | C46: =COUNTIF('CADASTRO LOJAS'!P3:P230,"CERUTTI") -> 90
B47: ERICSON | C47: =COUNTIF('CADASTRO LOJAS'!P3:P230,"ERICSON") -> 73
B48: HELENA | C48: =COUNTIF('CADASTRO LOJAS'!P3:P230,"HELENA") -> 15
B49: RENAN | C49: =COUNTIF('CADASTRO LOJAS'!P3:P230,"RENAN") -> 2
B50: SONIA | C50: =COUNTIF('CADASTRO LOJAS'!P3:P230,"SONIA") -> 6

Sheet DADOS_ORIGINAIS_Lojas
B1: Horarios de funcionamento
B2: Shopping | C2: segunda a sexta, 10:00–22:00 sabado, 10:00–22:00 Domingo, 12:00-20:00
B3: Lojas centro carioca | C3: segunda a sexta, 09:00–19:00 sabado, 09:00–13:00 (209 09:00-15:00)
B4: Lojas jo/oscar | C4: segunda a sexta, 11:00–19:00 sabado, 11:00–17:00
B5: Lojas jo/oscar | C5: segunda a sexta, 09:00–19:00 sabado, 09:00–17:00
A7: Status | B7: 46189.502 | C7: CEP | D7: Endereço | E7: Número | F7: Bairro / Distrito | G7: Cidade | H7: UF | I7: CNPJ | J7: Grupo | K7: Telefone | L7: Whatsapp | M7: Diretor | N7: Campo | O7: Taxa de deslocamento | P7: Hora de Abertura | Q7: Hora de Fechamento | R7: Email Loja | S7: Email Gerente | T7: Ultima Atualização | U7: 46044.429
A8: ABERTA | B8: 001 - Cl2 | C8: 12210260 | D8: Rua Sete de Setembro | E8: 344 | F8: Centro | G8: São José dos Campos | H8: SP | I8: 50.915.875/0012-44 | J8: Oscar Calçados | K8: (12) 3908-9009 | L8: 12 997409-3794 | M8: Ericson | N8: Oscar | O8: FALSE | P8: 0.375 | Q8: 0.79166667 | R8: loja001@oscarcalcados.com.br | S8: gerente001@oscarcalcados.com.br | T8: Última validação: | U8: 46044.7
A9: ABERTA | B9: 002 - Jp | C9: 12216000 | D9: Avenida Pedro Álvares Cabral | E9: 905 | F9: Jardim Paulista | G9: São José dos Campos | H9: SP | I9: 54.237.938/0001-59 | J9: Oscar Calçados | K9: (12) 3928-7884 | L9: 12 97402-0423 | M9: Ericson | O9: FALSE | P9: 0.375 | Q9: 0.79166667 | R9: loja002@oscarcalcados.com.br | S9: gerente002@oscarcalcados.com.br | T9: Última validação: | U9: 46044.701
A10: ABERTA | B10: 003 - Cl 1 | C10: 12210260 | D10: Rua Sete de Setembro | E10: 142 | F10: Centro | G10: São José dos Campos | H10: SP | I10: 50.915.875/0013-25 | J10: Oscar Calçados | K10: (12) 3909-1311 | L10: 12 97410-6235 | M10: Ericson | O10: FALSE | P10: 0.375 | Q10: 0.79166667 | R10: loja003@oscarcalcados.com.br | S10: gerente003@oscarcalcados.com.br | T10: Última validação: | U10: 46044.701
A11: ABERTA | B11: 004 - Oscar Calçados de Rua | C11: 12327320 | D11: Rua Sargento Acrísio Santana, 149 | E11: 149 | F11: Centro | G11: Jacareí | H11: SP | I11: 50.915.875/0014-06 | J11: Oscar Calçados | K11: (12) 3951-8988 | L11: 12 97406-6835 | M11: Ericson | O11: FALSE | P11: 0.375 | Q11: 0.79166667 | R11: loja004@oscarcalcados.com.br | S11: gerente004@oscarcalcados.com.br | T11: Última validação: | U11: 46105.637
A12: ABERTA | B12: 005 - Jc 1 | C12: 12308011 | D12: Praça Raul Chaves | E12: 79 | F12: Centro | G12: Jacareí | H12: SP | I12: 72.014.681/0001-58 | J12: Oscar Calçados | K12: (12) 3954-0797 | L12: 12 97406-7534 | M12: Ericson | O12: FALSE | P12: 0.375 | Q12: 0.79166667 | R12: loja005@oscarcalcados.com.br | S12: gerente005@oscarcalcados.com.br | T12: Última validação: | U12: 46077.435
A13: ABERTA | B13: 006 - Sh 2 | C13: 12215900 | D13: Avenida Deputado Benedito Matarazzo | E13: 9403 | F13: Jardim Paulista | G13: São José dos Campos | H13: SP | I13: 50.915.875/0004-34 | J13: Oscar Calçados | K13: (12) 3924-3420 | L13: 12 97408-3216 | M13: Ericson | O13: FALSE | P13: 0.41666667 | Q13: 0.91666667 | R13: loja006@oscarcalcados.com.br | S13: gerente006@oscarcalcados.com.br | T13: Última validação: | U13: 46044.702
A14: ABERTA | B14: 007 - Cn | C14: 12242000 | D14: Avenida São João | E14: 2200 | F14: Jardim das Colinas | G14: São José dos Campos | H14: SP | I14: 50.915.875/0003-53 | J14: Oscar Calçados | K14: (12) 3924-3432 | L14: 12 97411-7843 | M14: Ericson | O14: FALSE | P14: 0.41666667 | Q14: 0.91666667 | R14: loja007@oscarcalcados.com.br | S14: gerente007@oscarcalcados.com.br | T14: Última validação: | U14: 46044.703
A15: ABERTA | B15: 008 - Rio Preto Shopp | C15: 15090000 | D15: Avenida Brigadeiro Faria Lima | E15: 6363 | F15: Vila São José | G15: São José do Rio Preto | H15: SP | I15: 48.973.705/0013-55 | J15: Oscar Calçados | K15: (17) 3201-2923 | L15: 17 97400-8780 | M15: Ericson | O15: FALSE | P15: 0.41666667 | Q15: 0.91666667 | R15: loja008@oscarcalcados.com.br | S15: gerente008@oscarcalcados.com.br | T15: Última validação: | U15: 46044.703
A16: ABERTA | B16: 009 - Oscar Jd.Satélite | C16: 12230001 | D16: Av. Andrômeda, 1868 | E16: 1868 | F16: Jd. Satélite | G16: São José dos Campos | H16: SP | I16: 50.915.875/0001-91 | J16: Oscar Calçados | K16: (12) 3932-0066 | L16: 12 97404-1272 | M16: Ericson | O16: FALSE | P16: 0.375 | Q16: 0.79166667 | R16: loja009@oscarcalcados.com.br | S16: gerente009@oscarcalcados.com.br | T16: Última validação: | U16: 46044.437
A17: ABERTA | B17: 011 Arezzo Vale Sul | C17: 12230000 | D17: Av. Andrômeda, 227 - Loja 204 | E17: 227 | F17: Jd. Satélite | G17: São José dos Campos | H17: SP | I17: 09.108.526/0001-64 | J17: Arezzo | K17: (12) 3935-4056 | L17: 12 97411-6754 | M17: Sonia | O17: FALSE | P17: 0.41666667 | Q17: 0.91666667 | R17: loja011@lojasarezzo.com.br | S17: gerente011@lojasarezzo.com.br | T17: Última validação: | U17: 46044.704
A18: ABERTA | B18: 012 - Arezzo Center Vale | C18: 12216580 | D18: Av. Dep. Benedito Matarazzo, 9403 Loja S/113 | E18: 9403 | F18: Jd. Oswaldo Cruz | G18: São José dos Campos | H18: SP | I18: 02.139.784/0001-69 | J18: Arezzo | K18: (12) 3947-7619 | L18: 12 97404-4892 | M18: Sonia | O18: FALSE | P18: 0.41666667 | Q18: 0.91666667 | R18: loja012@lojasarezzo.com.br | S18: gerente012@lojasarezzo.com.br | T18: Última validação: | U18: 46044.704
A19: ABERTA | B19: 013 - Arezzo CN | C19: 12242970 | D19: São João, 2200 lj. Nº 010/011 | E19: 2200 | F19: Jd. das Colinas | G19: São José dos Campos | H19: SP | I19: 08.371.232/0001-68 | J19: Arezzo | K19: (12) 3904-7850 | L19: 12 97411-5572 | M19: Sonia | O19: FALSE | P19: 0.41666667 | Q19: 0.91666667 | R19: loja013@lojasarezzo.com.br | S19: gerente013@lojasarezzo.com.br | T19: Última validação: | U19: 46044.704
A20: ABERTA | B20: 015 - Victor Hugo CV | C20: 12216580 | D20: Av. Dep. Benedito Matarazzo, lj 509/10 | E20: 9403 | F20: Jd. Oswaldo Cruz | G20: São José dos Campos | H20: SP | I20: 04.723.248/0001-31 | J20: Victor Hugo | K20: (12) 3928-7895 | L20: 12 97407-7463 | M20: Sonia | O20: FALSE | P20: 0.41666667 | Q20: 0.91666667 | R20: centervale@victorhugo.com.br | T20: Última validação: | U20: 46105.664
A21: ABERTA | B21: 016 - Guara Ct | C21: 12500150 | D21: Rua Comendador João Galvão | E21: 36 | F21: Centro | G21: Guaratinguetá | H21: SP | I21: 50.915.875/0015-97 | J21: Oscar Calçados | K21: (12) 3128-3197 | L21: 12 97411-1083 | M21: Ericson | O21: FALSE | P21: 0.375 | Q21: 0.79166667 | R21: loja016@oscarcalcados.com.br | S21: gerente016@oscarcalcados.com.br | T21: Última validação: | U21: 46044.705
A22: ABERTA | B22: 017 - Tênis VS | C22: 12230000 | D22: Avenida Andrômeda | E22: 227 | F22: Jardim Satélite | G22: São José dos Campos | H22: SP | I22: 05.574.086/0001-80 | J22: Oscar Calçados | K22: (12) 3935-4063 | L22: 12 97402-7510 | M22: Ericson | O22: FALSE | P22: 0.41666667 | Q22: 0.91666667 | R22: loja017@oscarcalcados.com.br | S22: gerente017@oscarcalcados.com.br | T22: Última validação: | U22: 46044.705
A23: ABERTA | B23: 018 - Arezzo - Shopping | C23: 12308001 | D23: Rua Barão de Jacareí, 364 lj. 23 | E23: 364 | F23: Centro | G23: Jacareí | H23: SP | I23: 14.620.014/0001-12 | J23: Arezzo | K23: (12) 3954-8385 | L23: 12 97411-3673 | M23: Sonia | O23: FALSE | P23: 0.41666667 | Q23: 0.91666667 | R23: loja018@lojasarezzo.com.br | S23: gerente018@lojasarezzo.com.br | T23: Última validação: | U23: 46044.705
A24: ABERTA | B24: 019 - Jc Sh | C24: 12308001 | D24: Rua Barão de Jacareí | E24: 364 | F24: Centro | G24: Jacareí | H24: SP | I24: 50.915.875/0016-78 | J24: Oscar Calçados | K24: (12) 3955-9599 | L24: 12 97411-7172 | M24: Ericson | O24: FALSE | P24: 0.41666667 | Q24: 0.91666667 | R24: loja019@oscarcalcados.com.br | S24: gerente019@oscarcalcados.com.br | T24: Última validação: | U24: 46044.706
A25: ABERTA | B25: 020 - Taub Shopp | C25: 12050181 | D25: Avenida Charles Schnneider | E25: 1700 | F25: Vila Costa | G25: Taubaté | H25: SP | I25: 50.915.875/0017-54 | J25: Oscar Calçados | K25: (12) 3634-3637 | L25: 12 97411-5917 | M25: Ericson | O25: FALSE | P25: 0.41666667 | Q25: 0.91666667 | R25: loja020@oscarcalcados.com.br | S25: gerente020@oscarcalcados.com.br | T25: Última validação: | U25: 46044.706
A26: ABERTA | B26: 022 - Tenis Calçadão | C26: 12210260 | D26: Rua Sete de Setembro | E26: 156 | F26: Centro | G26: São José dos Campos | H26: SP | I26: 05.908.530/0001-59 | J26: Oscar Calçados | K26: (12) 3908-9006 | L26: 12 97411-1976 | M26: Ericson | O26: FALSE | P26: 0.375 | Q26: 0.79166667 | R26: loja022@oscarcalcados.com.br | S26: gerente022@oscarcalcados.com.br | T26: Última validação: | U26: 46044.706
A27: ABERTA | B27: 023 - Guará Shopp | C27: 12505300 | D27: Avenida Juscelino Kubitschek de Oliveira | E27: 351 | F27: Campo do Galvão | G27: Guaratinguetá | H27: SP | I27: 50.915.875/0018-30 | J27: Oscar Calçados | K27: (12) 3128-3198 | L27: 12 97403-3715 | M27: Ericson | O27: FALSE | P27: 0.41666667 | Q27: 0.91666667 | R27: loja023@oscarcalcados.com.br | S27: gerente023@oscarcalcados.com.br | T27: Última validação: | U27: 46044.707
A28: ABERTA | B28: 024 - Stock Show | C28: 12210200 | D28: Rua Sebastião Humel | E28: 301 | F28: Centro | G28: São José dos Campos | H28: SP | I28: 08.776.666/0001-48 | J28: Grupo Stock Show SJC | K28: (12) 3925-0316 | L28: 12 97411-4525 | M28: Ericson | O28: FALSE | P28: 0.375 | Q28: 0.79166667 | R28: loja024@stockshow.com.br | S28: gerente024@stockshow.com.br | T28: Última validação: | U28: 46106.413
A29: ABERTA | B29: 026 - Vale Sul 2 | C29: 12230000 | D29: Avenida Andrômeda | E29: 227 | F29: Jardim Satélite | G29: São José dos Campos | H29: SP | I29: 50.915.875/0010-82 | J29: Oscar Calçados | K29: (12) 3935-4082 | L29: 12 99114-8360 | M29: Ericson | O29: FALSE | P29: 0.41666667 | Q29: 0.91666667 | R29: loja026@oscarcalcados.com.br | S29: gerente026@oscarcalcados.com.br | T29: Última validação: | U29: 46112.524
A30: ABERTA | B30: 028 - Taubaté | C30: 12010020 | D30: Praça Dom Epaminondas | E30: 54 | F30: Centro | G30: Taubaté | H30: SP | I30: 50.915.875/0019-10 | J30: Oscar Calçados | K30: (12) 3622-5762 | L30: (12) 97407-1208 | M30: Ericson | O30: FALSE | P30: 0.375 | Q30: 0.77083333 | R30: loja028@oscarcalcados.com.br | S30: gerente028@oscarcalcados.com.br | T30: Última validação: | U30: 46106.425
A31: ABERTA | B31: 031 - Constantino Mogi | C31: 08780500 | D31: Avenida Vereador Narciso Yague Guimarães | E31: 1001 | F31: Jardim Armênia | G31: Mogi das Cruzes | H31: SP | I31: 10.980.442/0001-03 | J31: Constantino | K31: (11) 4728-4396 | L31: 11 94078-0983 | M31: Ericson | O31: FALSE | P31: 0.41666667 | Q31: 0.91666667 | R31: loja031@lojasconstantino.com.br | S31: gerente031@lojasconstantino.com.br | T31: Última validação: | U31: 46044.707
A32: ABERTA | B32: 032 - Mogi Shopp | C32: 08780000 | D32: Avenida Vereador Narciso Yague Guimarães | E32: 1001 | F32: Centro Cívico | G32: Mogi das Cruzes | H32: SP | I32: 50.915.875/0020-54 | J32: Oscar Calçados | K32: (11) 4798-6553 | L32: 11 94009-5981 | M32: Ericson | O32: FALSE | P32: 0.41666667 | Q32: 0.91666667 | R32: loja032@oscarcalcados.com.br | S32: gerente032@oscarcalcados.com.br | T32: Última validação: | U32: 46044.732
... A44: ABERTA | B44: 045 - Araçatuba | C44: 16010300 | D44: Rua Marechal Deodoro | E44: 139 | F44: Centro | G44: Araçatuba | H44: SP | I44: 48.973.705/0010-02 | J44: Oscar Calçados | K44: (18) 3607-2278 | L44: 18 97400-4018 | M44: Ericson | O44: FALSE | P44: 0.375 | Q44: 0.79166667 | R44: loja045@oscarcalcados.com.br | S44: gerente045@oscarcalcados.com.br | T44: Última validação: | U44: 46044.735
A45: FECHADA | B45: 046 - Constantino SJC | C45: 12215900 | D45: Avenida Deputado Benedito Matarazzo | E45: 9403 | F45: Jardim Paulista | G45: São José dos Campos | H45: SP | I45: 09.332.225/0001-10 | J45: Constantino | K45: (12) 3928-7871 | O45: FALSE | R45: constantino46@lojasconstantino.com.br | T45: Última validação: | U45: 46045.735
A46: ABERTA | B46: 047 - Pinda Shopp | C46: 12421705 | D46: Rua Alcides Ramos Nogueira | E46: 650 | F46: Nossa Senhora do Perpétuo Socorro | G46: Pindamonhangaba | H46: SP | I46: 19.853.593/0001-67 | J46: Oscar Calçados | K46: (12) 3644-1797 | L46: 12 97411-7551 | M46: Ericson | O46: FALSE | P46: 0.41666667 | Q46: 0.91666667 | R46: loja047@oscarcalcados.com.br | S46: gerente047@oscarcalcados.com.br | T46: Última validação: | U46: 46044.734
A47: ABERTA | B47: 048 - Pinda Ct | C47: 12400470 | D47: Praça Monsenhor Marcondes | E47: 50 | F47: Centro | G47: Pindamonhangaba | H47: SP | I47: 50.915.875/0023-05 | J47: Oscar Calçados | K47: (12) 3644-1119 | L47: 12 97411-2318 | M47: Ericson | O47: FALSE | P47: 0.375 | Q47: 0.79166667 | R47: loja048@oscarcalcados.com.br | S47: gerente048@oscarcalcados.com.br | T47: Última validação: | U47: 46044.735
A48: ABERTA | B48: 049 - Lorena | C48: 12600005 | D48: Rua Doutor Rodrigues de Azevedo | E48: 240 | F48: Centro | G48: Lorena | H48: SP | I48: 50.915.875/0024-88 | J48: Oscar Calçados | K48: (12) 3159-1169 | L48: 12 97411-7364 | M48: Ericson | O48: FALSE | P48: 0.375 | Q48: 0.79166667 | R48: loja049@oscarcalcados.com.br | S48: gerente049@oscarcalcados.com.br | T48: Última validação: | U48: 46044.736
A49: ABERTA | B49: 050 - Victor Hugo Colinas | C49: 12242-000 | D49: Avenida São João, Lj 73/74/75 | E49: 2200 | F49: Jardim das Colinas | G49: São José dos Campos | H49: SP | I49: 21.400.535/0001-20 | J49: Grupo Victor Hugo | K49: (12) 3904-3540 | L49: 12 97411-9148 | M49: Sonia | O49: FALSE | P49: 0.41666667 | Q49: 0.91666667 | T49: Última validação: | U49: 46106.502
A50: ABERTA | B50: 053 - Bauru Shopping | C50: 17011900 | D50: Rua Henrique Savi | E50: 55 | F50: Vila Cidade Universitária | G50: Bauru | H50: SP | I50: 45.151.240/0001-25 | J50: Oscar Calçados | K50: (14) 3104-0511 | L50: 17 97400-0340 | M50: Ericson | O50: FALSE | P50: 0.41666667 | Q50: 0.91666667 | R50: loja053@oscarcalcados.com.br | S50: gerente053@oscarcalcados.com.br | T50: Última validação: | U50: 46044.736
A51: ABERTA | B51: 054 - Ribeirão Preto | C51: 14010080 | D51: Rua Álvares Cabral | E51: 470 | F51: Centro | G51: Ribeirão Preto | H51: SP | I51: 48.973.705/0026-70 | J51: Oscar Calçados | K51: (16) 3519-3389 | L51: 16 97400-2273 | M51: Ericson | O51: FALSE | P51: 0.375 | Q51: 0.79166667 | R51: loja054@oscarcalcados.com.br | S51: gerente054@oscarcalcados.com.br | T51: Última validação: | U51: 46044.737
A52: ABERTA | B52: 055 - Usaflex Mogi Shopping | C52: 08780-910 | D52: Av Ver Narciso Yague Guimarães, lj 313 | E52: 1001 | F52: Jd Armênia | G52: Mogi das Cruzes | H52: SP | I52: 31.795.183/0001-02 | J52: Grupo Usaflex | K52: (11) 4728-7190 | L52: 11 97600-4756 | M52: Helena | O52: FALSE | P52: 0.41666667 | Q52: 0.91666667 | R52: mogishopping@usaflexfranquias.com.br | T52: Última validação: | U52: 46164.633
A53: ABERTA | B53: 056 - Usaflex Guarulhos Shopping | C53: 07042-040 | D53: Rua Engº Camilo Olivetti, loja I25 | E53: 295 | F53: Vila Endres | G53: Guarulhos | H53: SP | I53: 33.452.971/0001-21 | J53: Grupo Usaflex | K53: (11) 2425-5339 | L53: 12 99199-1202 | M53: Helena | O53: FALSE | P53: 0.41666667 | Q53: 0.91666667 | R53: internacionalguarulhos@usaflexfranquias.com.br | T53: Última validação: | U53: 46106.522
A54: ABERTA | B54: 057 - Usaflex Shopping Suzano | C54: 08673-020 | D54: Rua Sete de Setembro, loja 139 | E54: 555 | F54: Parque Suzano | G54: Suzano | H54: SP | I54: 33.930.685/0001-24 | J54: Grupo Usaflex | K54: (11) 4744-8352 | L54: 11 94028-4993 | M54: Helena | O54: FALSE | P54: 0.41666667 | Q54: 0.91666667 | R54: suzanoshopping@usaflexfranquias.com.br | T54: Última validação: | U54: 46106.53
A55: ABERTA | B55: 058 - Ribeirão Shopp | C55: 14026900 | D55: Avenida Coronel Fernando Ferreira Leite | E55: 1540 | F55: Jardim Califórnia | G55: Ribeirão Preto | H55: SP | I55: 48.973.705/0027-50 | J55: Oscar Calçados | K55: (16) 3902-1049 | L55: 16 97401-3273 | M55: Ericson | O55: FALSE | P55: 0.41666667 | Q55: 0.91666667 | R55: loja058@oscarcalcados.com.br | S55: gerente058@oscarcalcados.com.br | T55: Última validação: | U55: 46044.737
A56: ABERTA | B56: 059 - Usaflex Tatuapé Shopping | C56: 03306-010 | D56: Rua Domingos Agostim | E56: 91 | F56: Cidade Mãe do Céu | G56: São Paulo | H56: SP | I56: 36.204.835/0001-00 | J56: Grupo Usaflex | K56: (11) 2095-4409 | L56: (11) 93925-1211 | M56: Helena | O56: FALSE | P56: 0.41666667 | Q56: 0.91666667 | R56: shoppingmetrotatuape@usaflexfranquias.com.br | T56: Última validação: | U56: 46106.534
A57: ABERTA | B57: 060 - Anacapri Suzano Shopping | C57: 8673020 | D57: Rua Sete de Setembro, lj 81 | E57: 555 | F57: Parque Suzano | G57: Suzano | H57: SP | I57: 36.191.797/0001-07 | J57: Grupo Anacapri | K57: (11) 4748-9430 | L57: (11) 94005-2188 | M57: Helena | O57: FALSE | P57: 0.41666667 | Q57: 0.91666667 | R57: loja060@lojasanacapri.com.br | S57: gerente060@lojasanacapri.com.br | T57: Última validação: | U57: 46106.538
A58: ABERTA | B58: 061 - Jundiaí | C58: 13201011 | D58: Rua Barão de Jundiaí | E58: 640 | F58: Centro | G58: Jundiaí | H58: SP | I58: 48.973.705/0025-99 | J58: Oscar Calçados | K58: (11) 4523-6553 | L58: 11 94776-9077 | M58: Ericson | O58: FALSE | P58: 0.375 | Q58: 0.79166667 | R58: loja061@oscarcalcados.com.br | S58: gerente061@oscarcalcados.com.br | T58: Última validação: | U58: 46044.738
A59: ABERTA | B59: 062 - Piracicaba | C59: 13400070 | D59: Rua Governador Pedro de Toledo | E59: 1211 | F59: Centro | G59: Piracicaba | H59: SP | I59: 48.973.705/0023-27 | J59: Oscar Calçados | K59: (19) 3447-7996 | L59: 19 97401-4761 | M59: Ericson | O59: FALSE | P59: 0.375 | Q59: 0.79166667 | R59: loja062@oscarcalcados.com.br | S59: gerente062@oscarcalcados.com.br | T59: Última validação: | U59: 46044.738
A60: ABERTA | B60: 063 - Sorocaba | C60: 18010120 | D60: Rua Doutor Braguinha | E60: 264 | F60: Centro | G60: Sorocaba | H60: SP | I60: 48.973.705/0024-08 | J60: Oscar Calçados | K60: (15) 3219-1158 | L60: 15 99153-6793 | M60: Ericson | O60: FALSE | P60: 0.375 | Q60: 0.79166667 | R60: loja063@oscarcalcados.com.br | S60: gerente063@oscarcalcados.com.br | T60: Última validação: | U60: 46044.738
A61: ABERTA | B61: 064 - Araraquara | C61: 14801295 | D61: Rua 9 de Julho | E61: 793 | F61: Centro | G61: Araraquara | H61: SP | I61: 48.973.705/0020-84 | J61: Oscar Calçados | K61: (16) 3301-0904 | L61: 16 97400-1925 | M61: Ericson | O61: FALSE | P61: 0.375 | Q61: 0.79166667 | R61: loja064@oscarcalcados.com.br | S61: gerente064@oscarcalcados.com.br | T61: Última validação: | U61: 46044.739
A62: FECHADA | B62: 065 - Mogi Mirim | C62: 13800185 | D62: Rua Quinze de Novembro | E62: 102 | F62: Centro | G62: Mogi Mirim | H62: SP | I62: 48.973.705/0018-60 | J62: Oscar Calçados | K62: (19) 3814-0021 | L62: 12 97411-6633 | M62: Ericson | O62: FALSE | R62: loja065@oscarcalcados.com.br | S62: gerente065@oscarcalcados.com.br | T62: Última validação: | U62: 46044.74
A63: ABERTA | B63: 066 - Mogi Guaçu | C63: 13840035 | D63: Rua Apolinário | E63: 79 | F63: Centro | G63: Mogi Guaçu | H63: SP | I63: 48.973.705/0019-40 | J63: Oscar Calçados | K63: (18) 3607-2279 | L63: 12 97813-0006 | M63: Ericson | O63: FALSE | P63: 0.375 | Q63: 0.79166667 | R63: loja066@oscarcalcados.com.br | S63: gerente066@oscarcalcados.com.br | T63: Última validação: | U63: 46044.74
A64: ABERTA | B64: 067 - Oriente Shopp | C64: 12235050 | D64: Rua Andorra | E64: 500 | F64: Jardim América | G64: São José dos Campos | H64: SP | I64: 50.915.875/0011-63 | J64: Oscar Calçados | K64: (12) 3932-5654 | L64: 12 97410-0256 | M64: Ericson | O64: FALSE | P64: 0.41666667 | Q64: 0.91666667 | R64: loja067@oscarcalcados.com.br | S64: gerente067@oscarcalcados.com.br | T64: Última validação: | U64: 46044.741
A65: ABERTA | B65: 068 - Bauru | C65: 17010001 | D65: Rua Batista de Carvalho | E65: 5 | F65: Centro | G65: Bauru | H65: SP | I65: 48.973.705/0012-74 | J65: Oscar Calçados | K65: (14) 3102-1139 | L65: 12 97406-0288 | M65: Ericson | O65: FALSE | P65: 0.375 | Q65: 0.75 | R65: loja068@oscarcalcados.com.br | S65: gerente068@oscarcalcados.com.br | T65: Última validação: | U65: 46045.741
A66: ABERTA | B66: 070 - Anacapri Centervale Shopping | C66: 12216-580 | D66: Avenida Deputado Benedito Matarazzo, loja m 305 | E66: 9403 | F66: Jardim Oswaldo Cruz | G66: São José dos Campos | H66: SP | I66: 48.145.491/0001-95 | J66: Grupo Anacapri | K66: (12) 3946-8300 | L66: 12 992286119 | M66: Helena | O66: FALSE | P66: 0.41666667 | Q66: 0.91666667 | R66: loja070@lojasanacapri.com.br | S66: gerente070@lojasanacapri.com.br | T66: Última validação: | U66: 46106.593
A67: ABERTA | B67: 071 - Anacapri Valesul Shopping | C67: 12230-000 | D67: Avenida Andrômeda, loja suc 202a | E67: 227 | F67: Jardim Satélite | G67: São José dos Campos | H67: SP | I67: 48.277.781/0001-92 | J67: Grupo Anacapri | K67: (12) 3935-4079 | L67: 12 97411-3506 | M67: Helena | O67: FALSE | P67: 0.41666667 | Q67: 0.91666667 | R67: loja071@lojasanacapri.com.br | S67: gerente071@lojasanacapri.com.br | T67: Última validação: | U67: 46106.596
A68: ABERTA | B68: 072 - Oscar Novo Shopping Ribeirão Preto | C68: 14.096-350 | D68: Avenida Presidente Kennedy, loja arcos 172,174,176,178 | E68: 1500 | F68: Ribeirânia | G68: Ribeirão Preto | H68: SP | I68: 48.973.705/0008-98 | J68: Oscar Calçados | L68: 16 99335-5751 | M68: Ericson | O68: FALSE | P68: 0.41666667 | Q68: 0.91666667 | R68: loja072@oscarcalcados.com.br | S68: gerente072@oscarcalcados.com.br | T68: Última validação: | U68: 46106.608
A69: ABERTA | B69: 073 - Anacapri Oriente Shopping | C69: 12.235-050 | D69: Rua Andorra, loja 214 | E69: 500 | F69: Jardim América | G69: São José dos Campos | H69: SP | I69: 48.145.491/0002-76 | J69: Grupo Anacapri | K69: (12) 3932-4822 | L69: 12 99229-7356 | M69: Helena | O69: FALSE | P69: 0.41666667 | Q69: 0.91666667 | R69: loja073@lojasanacapri.com.br | S69: gerente073@lojasanacapri.com.br | T69: Última validação: | U69: 46106.612
A70: ABERTA | B70: 074 - Jô Piracicaba Shopping | C70: 13.414-900 | D70: Av Limeira, sala c57,59,62,63 p-58 | E70: 722 | F70: Areião | G70: Piracicaba | H70: SP | I70: 48.973.705/0035-60 | J70: Oscar Calçados | K70: (19) 3412-1028 | L70: 19 99391-7528 | M70: Ericson | O70: FALSE | P70: 0.41666667 | Q70: 0.91666667 | R70: loja074@oscarcalcados.com.br | S70: gerente074@oscarcalcados.com.br | T70: Última validação: | U70: 46106.616
A71: ABERTA | B71: 075 - Oscar Shopping Cruzeiro | C71: 12.730-010 | D71: Rua Doutor Othon Barcelos, loja 09,10,11,12,13 | E71: 5 | F71: Itagaçaba | G71: Cruzeiro | H71: SP | I71: 50.915.875/0034-50 | J71: Oscar Calçados | K71: (12) 3928-7871 | L71: 12 99218-1689 | M71: Ericson | O71: FALSE | P71: 0.41666667 | Q71: 0.91666667 | R71: loja075@oscarcalcados.com.br | S71: gerente075@oscarcalcados.com.br | T71: Última validação: | U71: 46106.621
A72: ABERTA | B72: 076 - Oscar Calçados Motorama | C72: 12.2240-10 | D72: Rua dos Lírios, loja 02 | E72: 459 | F72: Jardim Motorama | G72: São José dos Campos | H72: SP | I72: 09.332.225/0001-10 | J72: Oscar Calçados | K72: (12) 3932-0068 | L72: 12 99205-6082 | M72: Ericson | O72: FALSE | P72: 0.375 | Q72: 0.79166667 | R72: loja076@oscarcalcados.com.br | S72: gerente076@oscarcalcados.com.br | T72: Última validação: | U72: 46106.624
A73: ABERTA | B73: 077 - Oscar Jundiaí | C73: 13215900 | D73: Avenida Antonio Frederico Ozanan | E73: 6000 | F73: Vila Rio Branco | G73: Jundiai | H73: SP | I73: 48.973.705/0037-22 | J73: Oscar Calçados | L73: (11) 947898933 | M73: Ericson | O73: FALSE | P73: 0.41666667 | Q73: 0.91666667 | R73: loja077@oscarcalcados.com.br | S73: gerente077@oscarcalcados.com.br | T73: Última validação: | U73: 46108.43
A74: ABERTA | B74: 078 - Oscar Bauru | C74: 17013113 | D74: Rua General Marcondes Salgado | E74: 1139 | F74: Chacara das Flores | G74: Bauru | H74: SP | I74: 48.973.705/0036-41 | J74: Oscar Calçados | L74: (14) 991823834 | M74: Ericson | O74: FALSE | P74: 0.41666667 | Q74: 0.91666667 | R74: loja078@oscarcalcados.com.br | S74: gerente078@oscarcalcados.com.br | T74: Última validação: | U74: 46108.434
A75: ABERTA | B75: 101 - Jô Botucatu | C75: 18600410 | D75: Praça Comendador Emílio Pedutti | E75: 35 | F75: Centro | G75: Botucatu | H75: SP | I75: 48.973.705/0001-11 | J75: Oscar Calçados | K75: (14) 3881-2054 | L75: 14 97400-1059 | M75: Ericson | O75: FALSE | P75: 0.375 | Q75: 0.79166667 | R75: loja101@oscarcalcados.com.br | S75: gerente101@oscarcalcados.com.br | T75: Última validação: | U75: 46044.65
A76: ABERTA | B76: 102 - Ituiutaba | C76: 38300076 | D76: Rua Vinte e Dois | E76: 616 | F76: Centro | G76: Ituiutaba | H76: MG | I76: 48.973.705/0034-80 | J76: Oscar Calçados | K76: (34) 3402-1065 | L76: 34 8439-4511 | M76: Ericson | O76: FALSE | P76: 0.375 | Q76: 0.79166667 | R76: loja102@oscarcalcados.com.br | S76: gerente102@oscarcalcados.com.br | T76: Última validação: | U76: 46044.629
A77: ABERTA | B77: 105 - Uberaba | C77: 38010020 | D77: Rua Artur Machado | E77: 41 | F77: Centro | G77: Uberaba | H77: MG | I77: 48.973.705/0033-07 | J77: Oscar Calçados | K77: (34) 3025-0886 | L77: 34 7400-6023 | M77: Ericson | O77: FALSE | P77: 0.375 | Q77: 0.75 | R77: loja105@oscarcalcados.com.br | S77: gerente105@oscarcalcados.com.br | T77: Última validação: | U77: 46044.612
A78: ABERTA | B78: 106 - Rio Preto CL1 | C78: 15015400 | D78: Rua General Glicério | E78: 2928 | F78: Centro | G78: São José do Rio Preto | H78: SP | I78: 48.973.705/0011-93 | J78: Oscar Calçados | K78: (17) 3214-4309 | L78: 17 97400-5079 | M78: Ericson | O78: FALSE | P78: 0.375 | Q78: 0.75 | R78: loja106@oscarcalcados.com.br | S78: gerente106@oscarcalcados.com.br | T78: Última validação: | U78: 46044.487
A79: ABERTA | B79: 108 - Jô Votuporanga | C79: 15500004 | D79: Rua Amazonas | E79: 3281 | F79: Patrimônio Novo | G79: Votuporanga | H79: SP | I79: 48.973.705/0017-89 | J79: Oscar Calçados | K79: (17) 3426-5477 | L79: 17 97400-2447 | M79: Ericson | O79: FALSE | P79: 0.375 | Q79: 0.75 | R79: loja108@oscarcalcados.com.br | S79: gerente108@oscarcalcados.com.br | T79: Última validação: | U79: 46044.462
A80: ABERTA | B80: 109 - Jô Araraquara Mega | C80: 14801295 | D80: Rua 9 de Julho | E80: 991 | F80: Centro | G80: Araraquara | H80: SP | I80: 48.973.705/0021-65 | J80: Oscar Calçados | K80: (16) 3303-0289 | L80: 16 97400-2919 | M80: Ericson | O80: FALSE | P80: 0.375 | Q80: 0.75 | R80: loja109@oscarcalcados.com.br | S80: gerente109@oscarcalcados.com.br | T80: Última validação: | U80: 46044.461
A81: ABERTA | B81: 111 - Jô Franca | C81: 14400690 | D81: Rua Major Claudiano | E81: 1950 | F81: Centro | G81: Franca | H81: SP | I81: 48.973.705/0022-46 | J81: Oscar Calçados | K81: (16) 3939-9781 | L81: 16 97403-0489 | M81: Ericson | O81: FALSE | P81: 0.375 | Q81: 0.75 | R81: loja111@oscarcalcados.com.br | S81: gerente111@oscarcalcados.com.br | T81: Última validação: | U81: 46044.698
A82: ABERTA | B82: 113 - Uberlândia | C82: 38400100 | D82: Av. Floriano Peixoto | E82: 396 | F82: Centro | G82: Uberlândia | H82: MG | I82: 48.973.705/0032-18 | J82: Oscar Calçados | K82: (34) 3458-9883 | L82: 34 7400-6637 | M82: Ericson | O82: FALSE | P82: 0.375 | Q82: 0.75 | R82: loja113@oscarcalcados.com.br | S82: gerente113@oscarcalcados.com.br | T82: Última validação: | U82: 46045.62
A83: ABERTA | B83: 114 - Limeira | C83: 13480005 | D83: Rua Senador Vergueiro | E83: 396 | F83: Centro | G83: Limeira | H83: SP | I83: 48.973.705/0031-37 | J83: Oscar Calçados | K83: (19) 3404-1774 | L83: 19 97401-2656 | M83: Ericson | O83: FALSE | P83: 0.375 | Q83: 0.75 | R83: loja114@oscarcalcados.com.br | S83: gerente114@oscarcalcados.com.br | T83: Última validação: | U83: 46045.621
A84: ABERTA | B84: 115 - Jô Ourinhos | C84: 19900080 | D84: Rua Antônio Carlos Mori | E84: 273 | F84: Centro | G84: Ourinhos | H84: SP | I84: 48.973.705/0002-00 | J84: Oscar Calçados | K84: (14) 3302-9190 | L84: 14 97400-1431 | M84: Ericson | O84: FALSE | P84: 0.375 | Q84: 0.75 | R84: loja115@oscarcalcados.com.br | S84: gerente115@oscarcalcados.com.br | T84: Última validação: | U84: 46045.621
A85: ABERTA | B85: 116 - Jô São Carlos | C85: 13560640 | D85: Rua General Ozorio | E85: 848 | F85: Jardim São Carlos | G85: São Carlos | H85: SP | I85: 48.973.705/0030-56 | J85: Oscar Calçados | K85: (16) 3373-1020 | L85: 16 97403-0556 | M85: Ericson | O85: FALSE | P85: 0.375 | Q85: 0.75 | R85: loja116@oscarcalcados.com.br | S85: gerente116@oscarcalcados.com.br | T85: Última validação: | U85: 46045.622
A86: ABERTA | B86: 117 - Jô Bauru | C86: 17010000 | D86: Rua Batista de Carvalho | E86: 461 | F86: Centro | G86: Bauru | H86: SP | I86: 48.973.705/0016-06 | J86: Oscar Calçados | K86: (14) 3102-0000 | L86: 14 97400-1352 | M86: Ericson | O86: FALSE | P86: 0.375 | Q86: 0.75 | R86: loja117@oscarcalcados.com.br | S86: gerente117@oscarcalcados.com.br | T86: Última validação: | U86: 46052.636
... A97: ABERTA | B97: 128 - Jô Taubaté Ct | C97: 12010070 | D97: Rua Carneiro de Souza | E97: 147 | F97: Centro | G97: Taubaté | H97: SP | I97: 50.915.875/0031-07 | J97: Jô Calçados | K97: (12) 3634-6557 | L97: 12 97411-9618 | M97: Ericson | O97: FALSE | P97: 0.375 | Q97: 0.79166667 | R97: loja128@oscarcalcados.com.br | S97: gerente128@oscarcalcados.com.br | T97: Última validação: | U97: 46063.699
A98: ABERTA | B98: 201 - Matriz Carioca | C98: 88075300 | D98: R. Cel. Pedro Demoro | E98: 2045 | F98: Balneario | G98: Florianópolis | H98: SC | I98: 78.842.440/0001-83 | J98: Carioca Calçados | K98: 48 - 3281-6301 | L98: 48 8404-2518 | M98: Cerutti | N98: C4 | O98: FALSE | P98: 0.375 | Q98: 0.75 | R98: loja201@cariocacalcados.com.br | S98: gerente201@cariocacalcados.com.br | T98: Última validação: | U98: 46171.443
A99: ABERTA | B99: 202 - Joinville Carioca | C99: 89201601 | D99: R. Quinze de Novembro | E99: 515 | F99: Centro | G99: Joinville | H99: SC | I99: 78.842.440/0023-99 | J99: Carioca Calçados | K99: 47- 7400-4895 | L99: 7400-4895 | M99: Cerutti | N99: C4 | O99: TRUE | P99: 0.375 | Q99: 0.79166667 | R99: loja202@cariocacalcados.com.br | S99: gerente202@cariocacalcados.com.br | T99: Última validação: | U99: 46044.425
A100: ABERTA | B100: 204 - Bom Passo Carioca | C100: 88075300 | D100: R. Cel. Pedro Demoro | E100: 2086 | F100: Balneario | G100: Florianópolis | H100: SC | I100: 78.842.440/0009-30 | J100: Carioca Calçados | K100: 48- 3281-6304 | L100: 48 8404-2747 | M100: Cerutti | O100: FALSE | P100: 0.375 | Q100: 0.79166667 | R100: loja204@cariocacalcados.com.br | S100: gerente204@cariocacalcados.com.br | T100: Última validação: | U100: 46063.701
A101: ABERTA | B101: 205 - Ingleses | C101: 88056618 | D101: Rod. Armando Calil Bulos | E101: 6777 | F101: Ingleses Norte | G101: Florianópolis | H101: SC | I101: 78.842.440/0020-46 | J101: Carioca Calçados | K101: 48- 3281-6305 | L101: 48 9982-2841 | M101: Cerutti | O101: FALSE | P101: 0.41666667 | Q101: 0.91666667 | R101: loja205@cariocacalcados.com.br | S101: gerente205@cariocacalcados.com.br | T101: Última validação: | U101: 46066.612
A102: ABERTA | B102: 208 - Balneário Carioca | C102: 88330040 | D102: Av. Central | E102: 91 | F102: Centro | G102: Balneário Camboriú | H102: SC | I102: 78.842.440/0002-64 | J102: Carioca Calçados | K102: 47 -3367-5961 | L102: 47 3367-5961 | M102: Cerutti | O102: FALSE | P102: 0.375 | Q102: 0.79166667 | R102: loja208@cariocacalcados.com.br | S102: gerente208@cariocacalcados.com.br | T102: Última validação: | U102: 46066.659
A103: ABERTA | B103: 209 - Schmidt Cl 1 Ct Carioca | C103: 88010902 | D103: R. Felipe Schmidt | E103: 302 | F103: Centro | G103: Florianópolis | H103: SC | I103: 78.842.440/0003-45 | J103: Carioca Calçados | K103: 48- 3281-6309 | L103: 48 9836-0064 | M103: Cerutti | O103: FALSE | P103: 0.375 | Q103: 0.79166667 | R103: loja209@cariocacalcados.com.br | S103: gerente209@cariocacalcados.com.br | T103: Última validação: | U103: 46066.66
A104: ABERTA | B104: 211 - Itaguaçú 1 Shopp Carioca | C104: 88117900 | D104: R. Gerôncio Thives | E104: 1079 | F104: Barreiros | G104: São José | H104: SC | I104: 78.842.440/0004-26 | J104: Carioca Calçados | K104: 48- 3281-6311 | L104: 48 9836-0093 | M104: Cerutti | O104: FALSE | P104: 0.41666667 | Q104: 0.91666667 | R104: loja211@cariocacalcados.com.br | S104: gerente211@cariocacalcados.com.br | T104: Última validação: | U104: 46066.66
A105: ABERTA | B105: 212 - Kobrasol Carioca | C105: 88102000 | D105: Av. Lédio João Martins | E105: 864 | F105: Kobrasol | G105: São José | H105: SC | I105: 78.842.440/0014-06 | J105: Carioca Calçados | K105: 48 - 3281-6312 | L105: 48 9836-0095 | M105: Cerutti | O105: FALSE | P105: 0.375 | Q105: 0.79166667 | R105: loja212@cariocacalcados.com.br | S105: gerente212@cariocacalcados.com.br | T105: Última validação: | U105: 46066.66
A106: ABERTA | B106: 214 - Itajaí Carioca | C106: 88301001 | D106: R. Hercílio Luz | E106: 680 | F106: Centro | G106: Itajaí | H106: SC | I106: 78.842.440/0005-07 | J106: Carioca Calçados | K106: 47- 3346-1501 | L106: 48 9836-0116 | M106: Cerutti | O106: FALSE | P106: 0.375 | Q106: 0.79166667 | R106: loja214@cariocacalcados.com.br | S106: gerente214@cariocacalcados.com.br | T106: Última validação: | U106: 46066.661
A107: ABERTA | B107: 215 - Schmidt Cl 2 Ct Carioca | C107: 88010000 | D107: R. Felipe Schmidt | E107: 395 | F107: Centro | G107: Florianópolis | H107: SC | I107: 78.842.440/0017-40 | J107: Carioca Calçados | K107: 48-3281-6315 | L107: 48 9836-0082 | M107: Cerutti | O107: FALSE | P107: 0.375 | Q107: 0.79166667 | R107: loja215@cariocacalcados.com.br | S107: gerente215@cariocacalcados.com.br | T107: Última validação: | U107: 46066.661
A108: ABERTA | B108: 216 - Sports Deodoro Ct Carioca | C108: 88010020 | D108: R. Deodoro | E108: 210 | F108: Centro | G108: Florianópolis | H108: SC | I108: 78.842.440/0016-60 | J108: Carioca Calçados | K108: 48 3281 6316 | L108: 3333-0033 | M108: Cerutti | O108: FALSE | P108: 0.375 | Q108: 0.79166667 | R108: loja216@cariocacalcados.com.br | S108: gerente216@cariocacalcados.com.br | T108: Última validação: | U108: 46044.425
A109: ABERTA | B109: 217 - Sports Itaguaçú Shopp Carioca | C109: 88117900 | D109: R. Gerôncio Thives | E109: 1079 | F109: Barreiros | G109: São José | H109: SC | I109: 78.842.440/0015-89 | J109: Carioca Calçados | K109: 48 - 3281-6317 | L109: 48 9836-0069 | M109: Cerutti | O109: FALSE | P109: 0.41666667 | Q109: 0.91666667 | R109: loja217@cariocacalcados.com.br | S109: gerente217@cariocacalcados.com.br | T109: Última validação: | U109: 46066.662
A110: ABERTA | B110: 218 - Villa Romana Shopp Carioca | C110: 88035000 | D110: Av. Me. Benvenuta | E110: 687 | F110: Santa Monica | G110: Florianópolis | H110: SC | I110: 78.842.440/0006-98 | J110: Carioca Calçados | K110: 48- 3281-6318 | L110: 48 9836-0120 | M110: Cerutti | O110: FALSE | P110: 0.41666667 | Q110: 0.91666667 | R110: loja218@cariocacalcados.com.br | S110: gerente218@cariocacalcados.com.br | T110: Última validação: | U110: 46066.662
A111: ABERTA | B111: 219 - Schmidt Cl 3 Ct Carioca | C111: 88010902 | D111: R. Felipe Schmidt | E111: 107 | F111: Centro | G111: Florianópolis | H111: SC | I111: 78.842.440/0007-79 | J111: Carioca Calçados | K111: 48- 3281-6319 | L111: 48 9836-0113 | M111: Cerutti | O111: FALSE | P111: 0.375 | Q111: 0.79166667 | R111: loja219@cariocacalcados.com.br | S111: gerente219@cariocacalcados.com.br | T111: Última validação: | U111: 46066.662
A112: ABERTA | B112: 221 - Deodoro Ct Carioca | C112: 88010020 | D112: R. Deodoro | E112: 170 | F112: Centro | G112: Florianópolis | H112: SC | I112: 78.842.440/0011-55 | J112: Carioca Calçados | K112: 48- 3281-6321 | L112: 48 9982-2071 | M112: Cerutti | O112: FALSE | P112: 0.375 | Q112: 0.79166667 | R112: loja221@cariocacalcados.com.br | S112: gerente221@cariocacalcados.com.br | T112: Última validação: | U112: 46066.611
A113: ABERTA | B113: 223 - Itaguaçú 2 Shopp Carioca | C113: 88117900 | D113: R. Gerôncio Thives | E113: 1079 | F113: Barreiros | G113: São José | H113: SC | I113: 78.842.440/0010-74 | J113: Carioca Calçados | K113: 48- 3281-6323 | L113: 48 3281-6323 | M113: Cerutti | O113: FALSE | P113: 0.41666667 | Q113: 0.91666667 | R113: loja223@cariocacalcados.com.br | S113: gerente223@cariocacalcados.com.br | T113: Última validação: | U113: 46066.663
A114: ABERTA | B114: 224 - Rua Sete Ct Carioca | C114: 88010060 | D114: R. Sete de Setembro | E114: 113 | F114: Centro | G114: Florianópolis | H114: SC | I114: 78.842.440/0012-36 | J114: Carioca Calçados | K114: 48 - 3281-6324 | L114: 48 98880-2375 | M114: Cerutti | O114: FALSE | P114: 0.375 | Q114: 0.79166667 | R114: loja224@cariocacalcados.com.br | S114: gerente224@cariocacalcados.com.br | T114: Última validação: | U114: 46126.367
A115: ABERTA | B115: 225 - Palhoça Carioca | C115: 88130220 | D115: R. Cel. Bernardino Machado | E115: 63 | F115: Centro | G115: Palhoça | H115: SC | I115: 78.842.440/0013-17 | J115: Carioca Calçados | K115: 48- 3281-6325 | L115: 48 3281-6325 | M115: Cerutti | O115: FALSE | P115: 0.375 | Q115: 0.79166667 | R115: loja225@cariocacalcados.com.br | S115: gerente225@cariocacalcados.com.br | T115: Última validação: | U115: 46066.663
A116: ABERTA | B116: 226 - Continente Shopp Carioca | C116: 88104801 | D116: Rodovia BR 101 - KM 210 - Esquina Rod. SC 281 | E116: 281 | F116: Distrito Industrial | G116: São José | H116: SC | I116: 78.842.440/0018-21 | J116: Carioca Calçados | K116: 48- 3281-6326 | L116: 48 8823-0646 | M116: Cerutti | O116: FALSE | P116: 0.41666667 | Q116: 0.91666667 | R116: loja226@cariocacalcados.com.br | S116: gerente226@cariocacalcados.com.br | T116: Última validação: | U116: 46174.494
A117: ABERTA | B117: 227 - Biguaçu Carioca | C117: 88160130 | D117: R. Cel. Teixeira de Oliveira | E117: 25 | F117: Centro | G117: Biguaçu | H117: SC | I117: 78.842.440/0022-08 | J117: Carioca Calçados | K117: 48- 3281-6327 | L117: 48 3281-6327 | M117: Cerutti | O117: FALSE | P117: 0.375 | Q117: 0.79166667 | R117: loja227@cariocacalcados.com.br | S117: gerente227@cariocacalcados.com.br | T117: Última validação: | U117: 46066.665
A118: ABERTA | B118: 228 - Forquilhinhas Carioca | C118: 88106501 | D118: R. Ver. Arthur Manoel Mariano | E118: 1170 | F118: Forquilhinhas | G118: São José | H118: SC | I118: 78.842.440/0019-02 | J118: Carioca Calçados | K118: 48- 3281-6328 | L118: 48 9982-2869 | M118: Cerutti | O118: FALSE | P118: 0.375 | Q118: 0.79166667 | R118: loja228@cariocacalcados.com.br | S118: gerente228@cariocacalcados.com.br | T118: Última validação: | U118: 46147.496
A119: ABERTA | B119: 229 - Ingleses Carioca | C119: 88058-001 | D119: Rodovia Armando Calil Bulos | E119: 5640 | F119: Ingleses do Rio Vermelho | G119: Florianópolis | H119: SC | I119: 78.842.440/0021-27 | J119: Carioca Calçados | K119: 48 8465-8542 | L119: 48 8465-8542 | M119: Cerutti | O119: FALSE | P119: 0.41666667 | Q119: 0.83333333 | R119: loja229@cariocacalcados.com.br | S119: gerente229@cariocacalcados.com.br | T119: Última validação: | U119: 46107.451
A120: ABERTA | B120: 302 - Centro Histórico | C120: 90030001 | D120: RUA VOLUNTARIOS DA PATRIA, 316 LJ 01 | E120: 316 | F120: CENTRO | G120: PORTO ALEGRE | H120: RS | I120: 49.961.545/0033-30 | J120: Paquetá Calçados | K120: 5130180850 | L120: 51 9732-6124 | M120: Cerutti | N120: TI PARTNER | O120: FALSE | P120: 0.375 | Q120: 0.79166667 | R120: loja302@lojaspaqueta.com.br | S120: gerente302@lojaspaqueta.com.br | T120: Última validação: | U120: 46071.599
A121: ABERTA | B121: 306-PAQUETÁ PARKSHOPPING CANOAS | C121: 92020475 | D121: AVENIDA FARROUPILHA, 4545 2075 E 2076 | E121: 4545 | F121: MARECHAL RONDON | G121: CANOAS | H121: RS | I121: 49.961.545/0036-83 | J121: Paquetá Calçados | K121: 5130520558 | L121: 51997254176 | M121: Cerutti | O121: FALSE | P121: 0.41666667 | Q121: 0.91666667 | R121: loja306@lojaspaqueta.com.br | S121: gerente306@lojaspaqueta.com.br | T121: Última validação: | U121: 46072.599
A122: ABERTA | B122: 317-PAQUETÁ PROTÁSIO ALVES | C122: 90410004 | D122: AV. PROTASIO ALVES, 28 | E122: 28 | F122: RIO BRANCO | G122: PORTO ALEGRE | H122: RS | I122: 49.961.545/0006-68 | J122: Paquetá Calçados | K122: 5130180851 | L122: 51 9718-4349 | M122: Cerutti | O122: FALSE | P122: 0.375 | Q122: 0.79166667 | R122: loja317@lojaspaqueta.com.br | S122: gerente317@lojaspaqueta.com.br | T122: Última validação: | U122: 46055.577
...

Sheet DADOS_ORIGINAIS_Dim
B2: idestabelecimento | C2: ds_status | D2: nm_razaosocial | E2: nm_nomefantasia | F2: num_cnpj | G2: num_inscricaoestadual | H2: nk_idunidadenegocio | I2: ds_sigla | J2: num_cep | K2: ds_uf | L2: ds_localidade | M2: ds_bairro | N2: num_numero | O2: ds_logradouro | P2: ds_rua_shop | Q2: loja_importante | R2: ds_unidadenegocio | S2: ds_bandeira | T2: grupo_financeiro | U2: diretor | V2: regional | W2: status_funcionamento_loja | X2: ds_varejo | Y2: metragem | Z2: email_loja
B3: 2 | C3: A | D3: Oscar Calcados Ltda | E3: 001 - Cl2 | F3: 50915875001244 | G3: 125566611110 | H3: 15 | I3: 1 | J3: 12210260 | K3: SP | L3: São José Dos Campos | M3: Centro | N3: 344 | O3: Rua Sete De Setembro | P3: Rua | Q3: S | R3: Grupo Oscar Calçados | S3: Grupo Oscar Calçados | T3: Grupo F1 | U3: ERICSON | V3: LUIS AMERICO | W3: Aberta | X3: Varejo Oscar | Y3: 550 | Z3: loja001@oscarcalcados.com.br
B4: 3 | C4: A | D4: E N Constantino Calcados Eireli | E4: 002 - Jp | F4: 54237938000159 | G4: 645132611118 | H4: 15 | I4: 2 | J4: 12216000 | K4: SP | L4: São José Dos Campos | M4: Jardim Paulista | N4: 905 | O4: Avenida Pedro Álvares Cabral | P4: Rua | Q4: N | R4: Grupo Oscar Calçados | S4: Grupo Oscar Calçados | T4: Grupo F7 | U4: ERICSON | V4: LUIS AMERICO | W4: Aberta | X4: Varejo Oscar | Y4: 222 | Z4: loja002@oscarcalcados.com.br
B5: 7 | C5: A | D5: Oscar Calcados Ltda | E5: 003 - Cl 1 | F5: 50915875001325 | G5: 125566630116 | H5: 15 | I5: 3 | J5: 12210260 | K5: SP | L5: São José Dos Campos | M5: Centro | N5: 142 | O5: Rua Sete De Setembro | P5: Rua | Q5: S | R5: Grupo Oscar Calçados | S5: Grupo Oscar Calçados | T5: Grupo F1 | U5: ERICSON | V5: LUIS AMERICO | W5: Aberta | X5: Varejo Oscar | Y5: 380 | Z5: loja003@oscarcalcados.com.br
B6: 8 | C6: A | D6: Oscar Calcados Ltda | E6: 004 - Jc 2 | F6: 50915875001406 | G6: 392.478.396.111 | H6: 15 | I6: 4 | J6: 12327320 | K6: SP | L6: Jacareí | M6: Centro | N6: 141 | O6: Rua Sargento Acrísio Santana | P6: Rua | Q6: S | R6: Grupo Oscar Calçados | S6: Grupo Oscar Calçados | T6: Grupo F1 | U6: ERICSON | V6: MAURICIO | W6: Aberta | X6: Varejo Oscar | Y6: 496 | Z6: loja004@oscarcalcados.com.br
B7: 11 | C7: A | D7: Racso Calcados Ltda | E7: 005 - Jc 1 | F7: 72014681000158 | G7: 392073624114 | H7: 15 | I7: 5 | J7: 12308011 | K7: SP | L7: Jacareí | M7: Centro | N7: 79 | O7: Praça Raul Chaves | P7: Rua | Q7: N | R7: Grupo Oscar Calçados | S7: Grupo Oscar Calçados | T7: Grupo F7 | U7: ERICSON | V7: MAURICIO | W7: Aberta | X7: Varejo Oscar | Y7: 184 | Z7: loja005@oscarcalcados.com.br
B8: 17 | C8: A | D8: Oscar Calcados Ltda | E8: 006 - Sh 2 | F8: 50915875000434 | G8: 645278848113 | H8: 15 | I8: 6 | J8: 12215900 | K8: SP | L8: São José Dos Campos | M8: Jardim Oswaldo Cruz | N8: 9403 | O8: Avenida Deputado Benedito Matarazzo | P8: Shopping | Q8: S | R8: Grupo Oscar Calçados | S8: Grupo Oscar Calçados | T8: Grupo F1 | U8: ERICSON | V8: LUIS AMERICO | W8: Aberta | X8: Varejo Oscar | Y8: 519 | Z8: loja006@oscarcalcados.com.br
B9: 12 | C9: A | D9: Oscar Calcados Ltda | E9: 007 - Cn | F9: 50915875000353 | G9: 645250010111 | H9: 15 | I9: 7 | J9: 12242000 | K9: SP | L9: São José Dos Campos | M9: Jardim Das Colinas | N9: 2200 | O9: Avenida São João | P9: Shopping | Q9: N | R9: Grupo Oscar Calçados | S9: Grupo Oscar Calçados | T9: Grupo F1 | U9: ERICSON | V9: PETERSON | W9: Aberta | X9: Varejo Oscar | Y9: 191 | Z9: loja007@oscarcalcados.com.br
B10: 177 | C10: A | D10: Oscar Calcados Ltda | E10: 008 - Rio Preto Shopp | F10: 50915875004421 | G10: 160.078.052.110 | H10: 15 | I10: 8 | J10: 15090000 | K10: SP | L10: Sao Jose Do Rio Preto | M10: Vila Sao Jose | N10: 6363 | O10: Avenida Brigadeiro Faria Lima | P10: Shopping | Q10: S | R10: Grupo Oscar Calçados | S10: Grupo Oscar Calçados | T10: Grupo F1 | U10: ERICSON | V10: ROGERS | W10: Aberta | X10: Varejo Oscar | Y10: 215 | Z10: loja008@oscarcalcados.com.br
B11: 13 | C11: A | D11: Oscar Calcados Ltda | E11: 009 - Js | F11: 50915875000191 | G11: 645074462117 | H11: 15 | I11: 9 | J11: 12230001 | K11: SP | L11: São José Dos Campos | M11: Jardim Satélite | N11: 1868 | O11: Avenida Andrômeda | P11: Rua | Q11: N | R11: Grupo Oscar Calçados | S11: Grupo Oscar Calçados | T11: Grupo F1 | U11: ERICSON | V11: PETERSON | W11: Aberta | X11: Varejo Oscar | Y11: 312 | Z11: loja009@oscarcalcados.com.br
B12: 14 | C12: A | D12: Oscar Calcados Ltda | E12: 010 - Cd Oscar | F12: 50915875000515 | G12: 645276604117 | H12: 15 | I12: 10 | J12: 12231010 | K12: SP | L12: São José Dos Campos | M12: Vila Nair | N12: 1692 | O12: Rua Paraibuna | Q12: N | R12: Grupo Oscar Calçados | S12: Grupo Oscar Calçados | T12: Grupo F1 | U12: RENAN | V12: LOJA FECHADA | W12: Aberta | X12: Varejo Oscar | Y12: 1
B13: 74 | C13: A | D13: Avs Comercio De Calcados Ltda | E13: 011 - Arezzo Vale Sul Shopp | F13: 9108526000164 | G13: 645514852111 | H13: 3 | I13: 11 | J13: 12230001 | K13: SP | L13: Sao Jose Dos Campos | M13: Jardim Satelite | N13: 227 | O13: Avenida Andromeda | P13: Shopping | Q13: N | R13: Grupo Arezzo | S13: Grupo Arezzo | T13: Grupo F9 | U13: SONIA | V13: VIVIANE | W13: Aberta | X13: Demais Bandeiras
B14: 19 | C14: A | D14: R Constantino Calcados Ltda | E14: 012 - Arezzo Center Vale | F14: 2139784000169 | G14: 645257479118 | H14: 3 | I14: 12 | J14: 12216580 | K14: SP | L14: Sao Jose Dos Campos | M14: Jardim Oswaldo Cruz | N14: 9403 | O14: Avenida Deputado Benedito Matarazzo | P14: Shopping | Q14: N | R14: Grupo Arezzo | S14: Grupo Arezzo | T14: Grupo F9 | U14: SONIA | V14: VIVIANE | W14: Aberta | X14: Demais Bandeiras
B15: 20 | C15: A | D15: Ofs Comercio De Calcados Ltda | E15: 013 - Arezzo Shopp Colinas | F15: 8371232000168 | G15: 645493846115 | H15: 3 | I15: 13 | J15: 12242000 | K15: SP | L15: São José Dos Campos | M15: Jardim Das Colinas | N15: 2200 | O15: Avenida São João | P15: Shopping | Q15: N | R15: Grupo Arezzo | S15: Grupo Arezzo | T15: Grupo F9 | U15: SONIA | V15: VIVIANE | W15: Aberta | X15: Demais Bandeiras
B16: 28 | C16: C | D16: Enac Calçados Ltda | E16: Ñ 014 - Schutz | F16: 4356327000151 | G16: 645420166116 | H16: 23 | I16: 14 | J16: 12215000 | K16: SP | L16: São José Dos Campos | M16: Monte Castelo | N16: 9403 | O16: Avenida Brasil | R16: Ñ Grupo Schutz | S16: Ñ Grupo Schutz | T16: Geral | W16: Fechada | X16: Demais Bandeiras
B17: 21 | C17: A | D17: Iacr Comercial Ltda | E17: 015 - Victor Hugo Cv | F17: 4723248000131 | G17: 645428618119 | H17: 5 | I17: 15 | J17: 12216580 | K17: SP | L17: São José Dos Campos | M17: Jardim Oswaldo Cruz | N17: 9403 | O17: Avenida Deputado Benedito Matarazzo | R17: Grupo Victor Hugo | S17: Grupo Victor Hugo | T17: Grupo F9 | U17: SONIA | V17: SUILA | W17: Aberta | X17: Demais Bandeiras
B18: 15 | C18: A | D18: Oscar Calcados Ltda | E18: 016 - Guara Ct | F18: 50915875001597 | G18: 332.292.808.114 | H18: 15 | I18: 16 | J18: 12500150 | K18: SP | L18: Guaratinguetá | M18: Centro | N18: 36 | O18: Rua Comendador João Galvão | P18: Rua | Q18: N | R18: Grupo Oscar Calçados | S18: Grupo Oscar Calçados | T18: Grupo F1 | U18: ERICSON | V18: THIAGO | W18: Aberta | X18: Varejo Oscar | Y18: 293 | Z18: loja016@oscarcalcados.com.br
B19: 16 | C19: A | D19: Vsc Calcados Ltda | E19: 017 - Tênis Vs | F19: 5574086000180 | G19: 645447055111 | H19: 15 | I19: 17 | J19: 12230000 | K19: SP | L19: São José Dos Campos | M19: Jardim Satélite | N19: 227 | O19: Avenida Andrômeda | P19: Shopping | Q19: N | R19: Grupo Oscar Calçados | S19: Grupo Oscar Calçados | T19: Grupo F7 | U19: ERICSON | V19: PETERSON | W19: Aberta | X19: Varejo Oscar | Y19: 89 | Z19: loja017@oscarcalcados.com.br
B20: 22 | C20: A | D20: Arsj Comercio De Calcados Ltda | E20: 018 - Arezzo Jacarei Shopp | F20: 14620014000112 | G20: 392.119.466.111 | H20: 3 | I20: 18 | J20: 12308001 | K20: SP | L20: Jacareí | M20: Centro | N20: 364 | O20: Rua Barão De Jacareí | P20: Shopping | Q20: N | R20: Grupo Arezzo | S20: Grupo Arezzo | T20: Grupo F9 | U20: SONIA | V20: VIVIANE | W20: Aberta | X20: Demais Bandeiras
B21: 24 | C21: A | D21: Oscar Calcados Ltda | E21: 019 - Jc Sh | F21: 50915875001678 | G21: 392478401118 | H21: 15 | I21: 19 | J21: 12308001 | K21: SP | L21: Jacareí | M21: Centro | N21: 364 | O21: Rua Barão De Jacareí | P21: Shopping | Q21: S | R21: Grupo Oscar Calçados | S21: Grupo Oscar Calçados | T21: Grupo F1 | U21: ERICSON | V21: MAURICIO | W21: Aberta | X21: Varejo Oscar | Y21: 219 | Z21: loja019@oscarcalcados.com.br
B22: 25 | C22: A | D22: Oscar Calcados Ltda | E22: 020 - Taub Shopp | F22: 50915875001759 | G22: 688713174114 | H22: 15 | I22: 20 | J22: 12040900 | K22: SP | L22: Taubaté | M22: Parque Senhor Do Bonfim | N22: 1700 | O22: Avenida Charles Schnneider | P22: Shopping | Q22: S | R22: Grupo Oscar Calçados | S22: Grupo Oscar Calçados | T22: Grupo F1 | U22: ERICSON | V22: ESTEFAN | W22: Aberta | X22: Varejo Oscar | Y22: 289 | Z22: loja020@oscarcalcados.com.br
B23: 26 | C23: C | D23: Co Comercio De Confecções Ltda | E23: Ñ 021 - Tenis Guará Shopp | F23: 6894399000188 | G23: 688242126113 | H23: 15 | I23: 21 | J23: 12505300 | K23: SP | L23: Guaratinguetá | M23: Campo Do Galvão | N23: 351 | O23: Avenida Juscelino Kubitschek De Oliveira | R23: Grupo Oscar Calçados | S23: Grupo Oscar Calçados | T23: Geral | W23: Fechada | X23: Varejo Oscar
B24: 27 | C24: A | D24: Jsc Comercio De Calcados Ltda | E24: 022 - Tenis Calçadão | F24: 5908530000156 | G24: 645473951112 | H24: 15 | I24: 22 | J24: 12210260 | K24: SP | L24: São José Dos Campos | M24: Centro | N24: 156 | O24: Rua Sete De Setembro | P24: Rua | Q24: N | R24: Grupo Oscar Calçados | S24: Grupo Oscar Calçados | T24: Grupo F7 | U24: ERICSON | V24: LUIS AMERICO | W24: Fechada | X24: Varejo Oscar | Y24: 166 | Z24: loja022@oscarcalcados.com.br
B25: 30 | C25: A | D25: Oscar Calcados Ltda | E25: 023 - Guará Shopp | F25: 50915875001830 | G25: 332292817115 | H25: 15 | I25: 23 | J25: 12505300 | K25: SP | L25: Guaratinguetá | M25: Campo Do Galvão | N25: 351 | O25: Avenida Juscelino Kubitschek De Oliveira | P25: Shopping | Q25: S | R25: Grupo Oscar Calçados | S25: Grupo Oscar Calçados | T25: Grupo F1 | U25: ERICSON | V25: THIAGO | W25: Aberta | X25: Varejo Oscar | Y25: 249 | Z25: loja023@oscarcalcados.com.br
B26: 54 | C26: A | D26: Estoque Vale Comercio De Calcados Ltda | E26: 024 - Stock Show Sjc | F26: 8776666000148 | G26: 645504778110 | H26: 10 | I26: 24 | J26: 12210200 | K26: SP | L26: São José Dos Campos | M26: Centro | N26: 301 | O26: Rua Sebastião Humel | P26: Rua | Q26: N | R26: Grupo Stock Show Sjc | S26: Grupo Stock Show Sjc | T26: Grupo F8 | U26: ERICSON | V26: LUIS AMERICO | W26: Aberta | X26: Demais Bandeiras | Y26: 381
B27: 56 | C27: C | D27: New Stock Jac Comercio De Calçados Ltda Epp | E27: Ñ 025 - Stock Show Jacarei | F27: 8919315000149 | G27: 392.233.533-117 | H27: 10 | I27: 25 | J27: 12327280 | K27: SP | L27: Jacareí | M27: Centro | N27: 165 | O27: Rua Coronel Carlos Porto | R27: Grupo Stock Show Sjc | S27: Grupo Stock Show Sjc | T27: Geral | W27: Fechada | X27: Demais Bandeiras
B28: 72 | C28: A | D28: Oscar Calcados Ltda | E28: 026 - Vale Sul 2 | F28: 50915875001082 | G28: 125007695113 | H28: 15 | I28: 26 | J28: 12230000 | K28: SP | L28: São José Dos Campos | M28: Jardim Satélite | N28: 227 | O28: Avenida Andrômeda | P28: Shopping | Q28: S | R28: Grupo Oscar Calçados | S28: Grupo Oscar Calçados | T28: Grupo F1 | U28: ERICSON | V28: PETERSON | W28: Aberta | X28: Varejo Oscar | Y28: 690 | Z28: loja026@oscarcalcados.com.br
B29: 75 | C29: C | D29: Col Calçados Ltda Epp | E29: Ñ 027 - Adidas Vs | F29: 6948876000140 | G29: 645514124117 | H29: 44 | I29: 27 | J29: 12230001 | K29: SP | L29: São José Dos Campos | M29: Jardim Satélite | N29: 227 | O29: Avenida Andrômeda | R29: Grupo Adidas | S29: Grupo Adidas | T29: Geral | W29: Fechada | X29: Demais Bandeiras
B30: 100 | C30: A | D30: Oscar Calcados Ltda | E30: 028 - Taub Ct | F30: 50915875001910 | G30: 688.713.183.115 | H30: 15 | I30: 28 | J30: 12010020 | K30: SP | L30: Taubaté | M30: Centro | N30: 54 | O30: Praça Dom Epaminondas | P30: Rua | Q30: N | R30: Grupo Oscar Calçados | S30: Grupo Oscar Calçados | T30: Grupo F1 | U30: ERICSON | V30: ESTEFAN | W30: Aberta | X30: Varejo Oscar | Y30: 350 | Z30: loja028@oscarcalcados.com.br
B31: 133 | C31: C | D31: Oscar Calçados Ltda | E31: Ñ 029 - Resende Shopp | F31: 50915875000787 | G31: 79376469 | H31: 15 | I31: 29 | J31: 27535320 | K31: RJ | L31: Resende | M31: Fazenda Castelo | N31: 594 | O31: Avenida Dorival Marcondes Godoy | R31: Grupo Oscar Calçados | S31: Grupo Oscar Calçados | T31: Geral | W31: Fechada | X31: Varejo Oscar
B32: 134 | C32: A | D32: Oscar Calçados Ltda | E32: 030 - E-Commerce | F32: 50915875999962 | G32: 645276604117 | H32: 55 | I32: 30 | J32: 12235210 | K32: SP | L32: São José Dos Campos | M32: Jardim Anhembi | N32: 123 | O32: Rua Serra Do Parima | R32: Grupo Oscar Ecommerce | S32: Grupo Oscar Ecommerce | T32: Geral | U32: RENAN | V32: BACKOFFICE | W32: Aberta | X32: Demais Bandeiras | Y32: 1
B33: 61 | C33: A | D33: Constantino Calcados E Acessorios Ltda | E33: 031 - Constantino Mogi | F33: 10980442000103 | G33: 454.353.155.118 | H33: 12 | I33: 31 | J33: 8780500 | K33: SP | L33: Mogi Das Cruzes | M33: Jardim Armenia | N33: 1001 | O33: Avenida Vereador Narciso Yague Guimarães | P33: Shopping | Q33: N | R33: Grupo Constantino | S33: Grupo Constantino | T33: Grupo F8 | U33: ERICSON | V33: MAURICIO | W33: Aberta | X33: Demais Bandeiras | Y33: 65 | Z33: loja031@lojasconstantino.com.br
B34: 64 | C34: A | D34: Oscar Calcados Ltda | E34: 032 - Mogi Shopp | F34: 50915875002054 | G34: 454946341110 | H34: 15 | I34: 32 | J34: 8780500 | K34: SP | L34: Mogi Das Cruzes | M34: Jardim Armenia | N34: 1001 | O34: Avenida Vereador Narciso Yague Guimarães | P34: Shopping | Q34: S | R34: Grupo Oscar Calçados | S34: Grupo Oscar Calçados | T34: Grupo F1 | U34: ERICSON | V34: MAURICIO | W34: Aberta | X34: Varejo Oscar | Y34: 319 | Z34: loja032@oscarcalcados.com.br
B35: 63 | C35: A | D35: Hrc Comercio De Calcados Ltda | E35: 033 - Mogi Centro | F35: 68910587000100 | G35: 454122845117 | H35: 1 | I35: 33 | J35: 8710050 | K35: SP | L35: Mogi Das Cruzes | M35: Centro | N35: 161 | O35: Rua Doutor Paulo Frontin | R35: Geral | S35: Geral | T35: Grupo F7 | W35: Fechada | X35: Demais Bandeiras
B36: 68 | C36: A | D36: Stock Bras Cubas Ltda | E36: 034 - Stock Show Bc | F36: 3972679000179 | G36: 454280663117 | H36: 17 | I36: 34 | J36: 8740310 | K36: SP | L36: Mogi Das Cruzes | M36: Vila Bras Cubas | N36: 135 | O36: Rua Francisco Afonso De Melo | P36: Rua | Q36: N | R36: Grupo Stock Show Mogi | S36: Grupo Stock Show Mogi | T36: Grupo F8 | U36: HELENA | V36: ARTEMIS | W36: Aberta | X36: Demais Bandeiras | Y36: 246 | Z36: loja034@stockshow.com.br
B37: 70 | C37: A | D37: Stock Show Suzano Ltda | E37: 035 - Stock Show Sz | F37: 4431428000140 | G37: 672152080116 | H37: 17 | I37: 35 | J37: 8673110 | K37: SP | L37: Suzano | M37: Conjunto Residencial Ir | N37: 34 | O37: Rua Eliziel Alves Costa | P37: Rua | Q37: N | R37: Grupo Stock Show Mogi | S37: Grupo Stock Show Mogi | T37: Grupo F8 | U37: HELENA | V37: ARTEMIS | W37: Aberta | X37: Demais Bandeiras | Y37: 99 | Z37: loja035@stockshow.com.br
B38: 67 | C38: A | D38: Scarlen Calcados Ltda | E38: 036 - Scarlen Shopp Suzan | F38: 2010526000188 | G38: 672087297112 | H38: 16 | I38: 36 | J38: 8673020 | K38: SP | L38: Suzano | M38: Parque Suzano | N38: 555 | O38: Rua Sete De Setembro | P38: Shopping | Q38: N | R38: Grupo Scarlen | S38: Grupo Scarlen | T38: Grupo F8 | U38: HELENA | V38: ARTEMIS | W38: Aberta | X38: Demais Bandeiras | Y38: 6325 | Z38: loja036@scarlen.com.br
B39: 65 | C39: A | D39: Helena Cazarine Calcados E Acessorios Ltda | E39: 037 - Scarlen Mogi Centro | F39: 58760141000192 | G39: 454089360110 | H39: 16 | I39: 37 | J39: 8710410 | K39: SP | L39: Mogi Das Cruzes | M39: Centro | N39: 171 | O39: Rua Braz Cubas | P39: Rua | Q39: N | R39: Grupo Scarlen | S39: Grupo Scarlen | T39: Grupo F8 | U39: HELENA | V39: ARTEMIS | W39: Aberta | X39: Demais Bandeiras | Y39: 94 | Z39: loja037@scarlen.com.br
B40: 66 | C40: A | D40: Cazarine & Constantino Ltda | E40: 038 - Scarlen Mogi Shopp | F40: 67109132000127 | G40: 454115858114 | H40: 16 | I40: 38 | J40: 8780500 | K40: SP | L40: Mogi Das Cruzes | M40: Jardim Armenia | N40: 1001 | O40: Avenida Vereador Narciso Yague Guimarães | P40: Shopping | Q40: N | R40: Grupo Scarlen | S40: Grupo Scarlen | T40: Grupo F8 | U40: HELENA | V40: ARTEMIS | W40: Aberta | X40: Demais Bandeiras | Y40: 5077 | Z40: loja038@scarlen.com.br
B41: 58 | C41: A | D41: Oscar Calcados Ltda | E41: 039 - Cl Mg | F41: 50915875002135 | G41: 454946360116 | H41: 15 | I41: 39 | J41: 8710430 | K41: SP | L41: Mogi Das Cruzes | M41: Centro | N41: 1395 | O41: Rua Doutor Deodato Wertheimer | P41: Rua | Q41: S | R41: Grupo Oscar Calçados | S41: Grupo Oscar Calçados | T41: Grupo F1 | U41: ERICSON | V41: MAURICIO | W41: Aberta | X41: Varejo Oscar | Y41: 358 | Z41: loja039@oscarcalcados.com.br
B42: 60 | C42: A | D42: Ccrh Comercio De Calcados Ltda | E42: 040 - Arezzo Shopp Mogi | F42: 2163422000103 | G42: 454159447119 | H42: 3 | I42: 40 | J42: 8780500 | K42: SP | L42: Mogi Das Cruzes | M42: Jardim Armenia | N42: 1001 | O42: Avenida Vereador Narciso Yague Guimarães | P42: Shopping | Q42: N | R42: Grupo Arezzo | S42: Grupo Arezzo | T42: Grupo F9 | U42: HELENA | V42: ARTEMIS | W42: Aberta | X42: Demais Bandeiras
B43: 183 | C43: A | D43: Oscar Calcados Ltda | E43: 041 - Rio Preto Ct | F43: 50915875006203 | G43: 160078683110 | H43: 15 | I43: 41 | J43: 15015400 | K43: SP | L43: Sao Jose Do Rio Preto | M43: Centro | N43: 2826 | O43: Rua General Glicerio | P43: Rua | Q43: N | R43: Grupo Oscar Calçados | S43: Grupo Oscar Calçados | T43: Grupo F1 | U43: ERICSON | V43: ROGERS | W43: Aberta | X43: Varejo Oscar | Y43: 224 | Z43: loja041@oscarcalcados.com.br
B44: 69 | C44: A | D44: Francisco Telles Marcondes Neto | E44: 042 - Stock Show Poá | F44: 8062235000110 | G44: 546112260117 | H44: 17 | I44: 42 | J44: 8550030 | K44: SP | L44: Poá | M44: Centro | N44: 37 | O44: Rua Silvério Pereira Jordão | P44: Rua | Q44: N | R44: Grupo Stock Show Mogi | S44: Grupo Stock Show Mogi | T44: Grupo F8 | U44: HELENA | V44: ARTEMIS | W44: Aberta | X44: Demais Bandeiras | Y44: 118
B45: 129 | C45: A | D45: Oscar Calcados Ltda | E45: 043 - Suzano Shopp | F45: 50915875002216 | G45: 672.636.937.110 | H45: 15 | I45: 43 | J45: 8673020 | K45: SP | L45: Suzano | M45: Centro | N45: 555 | O45: Rua Sete De Setembro | P45: Shopping | Q45: S | R45: Grupo Oscar Calçados | S45: Grupo Oscar Calçados | T45: Grupo F1 | U45: ERICSON | V45: MAURICIO | W45: Aberta | X45: Varejo Oscar | Y45: 170 | Z45: loja043@oscarcalcados.com.br
B46: 138 | C46: A | D46: Oscar Calcados Ltda | E46: 044 - Caragua Shopp | F46: 50915875000868 | G46: 254076248113 | H46: 15 | I46: 44 | J46: 11666000 | K46: SP | L46: Caraguatatuba | M46: Jardim Britânia | N46: 1086 | O46: Avenida José Herculano | P46: Shopping | Q46: S | R46: Grupo Oscar Calçados | S46: Grupo Oscar Calçados | T46: Grupo F1 | U46: ERICSON | V46: ESTEFAN | W46: Aberta | X46: Varejo Oscar | Y46: 319 | Z46: loja044@oscarcalcados.com.br
B47: 182 | C47: A | D47: Oscar Calcados Ltda | E47: 045 - Araçatuba | F47: 50915875006475 | G47: 177718459117 | H47: 15 | I47: 45 | J47: 16010300 | K47: SP | L47: Aracatuba | M47: Centro | N47: 139 | O47: Rua Marechal Deodoro | P47: Rua | Q47: N | R47: Grupo Oscar Calçados | S47: Grupo Oscar Calçados | T47: Grupo F1 | U47: ERICSON | V47: ROGERS | W47: Aberta | X47: Varejo Oscar | Y47: 204 | Z47: loja045@oscarcalcados.com.br
B48: 140 | C48: A | D48: Bruno Cazarine Constantino | E48: 046 - Constantino Sjc | F48: 50666937000179 | G48: 645400271113 | H48: 12 | I48: 46 | J48: 12216580 | K48: SP | L48: São José Dos Campos | M48: Jardim Oswaldo Cruz | N48: 9403 | O48: Avenida Deputado Benedito Matarazzo | R48: Grupo Constantino | S48: Grupo Constantino | T48: Grupo F8 | U48: ERICSON | V48: LOJA FECHADA | W48: Fechada | X48: Demais Bandeiras | Z48: constantino46@lojasconstantino.com.br
B49: 159 | C49: A | D49: Ops Comercio De Calcados Ltda | E49: 047 - Pinda Shopp | F49: 19853593000167 | G49: 528101960116 | H49: 15 | I49: 47 | J49: 12421705 | K49: SP | L49: Pindamonhangaba | M49: Mombaça | N49: 650 | O49: Rua Alcides Ramos Nogueira | P49: Shopping | Q49: N | R49: Grupo Oscar Calçados | S49: Grupo Oscar Calçados | T49: Grupo F7 | U49: ERICSON | V49: ESTEFAN | W49: Aberta | X49: Varejo Oscar | Y49: 250 | Z49: loja047@oscarcalcados.com.br
B50: 171 | C50: A | D50: Oscar Calcados Ltda | E50: 048 - Pinda Ct | F50: 50915875002305 | G50: 528.314.166.117 | H50: 15 | I50: 48 | J50: 12400470 | K50: SP | L50: Pindamonhangaba | M50: Centro | N50: 50 | O50: Praça Monsenhor Marcondes | P50: Rua | Q50: S | R50: Grupo Oscar Calçados | S50: Grupo Oscar Calçados | T50: Grupo F1 | U50: ERICSON | V50: ESTEFAN | W50: Aberta | X50: Varejo Oscar | Y50: 319 | Z50: loja048@oscarcalcados.com.br
B51: 172 | C51: A | D51: Oscar Calcados Ltda | E51: 049 - Lorena | F51: 50915875002488 | G51: 420213100118 | H51: 15 | I51: 49 | J51: 12600005 | K51: SP | L51: Lorena | M51: Centro | N51: 240 | O51: Rua Doutor Rodrigues De Azevedo | P51: Rua | Q51: S | R51: Grupo Oscar Calçados | S51: Grupo Oscar Calçados | T51: Grupo F1 | U51: ERICSON | V51: THIAGO | W51: Aberta | X51: Varejo Oscar | Y51: 423 | Z51: loja049@oscarcalcados.com.br
B52: 173 | C52: A | D52: Bruno Cazarine Constantino Bolsas Ltda | E52: 050 - Victor Hugo Cn | F52: 21400535000120 | G52: 645.692.333.112 | H52: 5 | I52: 50 | J52: 12242000 | K52: SP | L52: São José Dos Campos | M52: Jardim Das Colinas | N52: 2200 | O52: Avenida São João | R52: Grupo Victor Hugo | S52: Grupo Victor Hugo | T52: Grupo F9 | U52: SONIA | V52: SUILA | W52: Aberta | X52: Demais Bandeiras
B53: 176 | C53: C | D53: Rc Constantino Artigos Esportivos Eireli - Epp | E53: Ñ 051 - Adidas Campinas | F53: 24034156000151 | G53: 795.717.535.114 | H53: 44 | I53: 51 | J53: 13087901 | K53: SP | L53: Campinas | M53: Jardim Santa Genebra | N53: 500 | O53: Avenida Guilherme Campos, 500 Shopping Center Parque D. Pedro | R53: Grupo Adidas | S53: Grupo Adidas | T53: Geral | W53: Fechada | X53: Demais Bandeiras
B54: 380 | C54: A | D54: Outlet Bauru Calcados Ltda | E54: 052 - Outlet Bauru | F54: 61195652000113 | G54: 154370934116 | H54: 15 | I54: 52 | J54: 17011066 | K54: SP | L54: Bauru | M54: Vila Cardia | N54: 2121 | O54: Avenida Duque De Caxias | P54: Rua | Q54: N | R54: Grupo Oscar Calçados | S54: Grupo Oscar Calçados | T54: Grupo F7 | U54: ERICSON | V54: JOÃO PAULO | W54: Aberta | X54: Varejo Oscar | Y54: 170 | Z54: loja052@oscarcalcados.com.br
B55: 186 | C55: A | D55: Rc Bauru Calcados Ltda | E55: 053 - Bauru Shopp | F55: 45151240000125 | G55: 209989220111 | H55: 15 | I55: 53 | J55: 17011900 | K55: SP | L55: Bauru | M55: Vila Cidade Universitaria | N55: 55 | O55: Rua Henrique Savi | P55: Shopping | Q55: N | R55: Grupo Oscar Calçados | S55: Grupo Oscar Calçados | T55: Grupo F7 | U55: ERICSON | V55: JOÃO PAULO | W55: Aberta | X55: Varejo Oscar | Y55: 112 | Z55: loja053@oscarcalcados.com.br
B56: 187 | C56: A | D56: Oscar Calcados Ltda | E56: 054 - Ribeirão Centro | F56: 50915875003700 | G56: 160077809110 | H56: 15 | I56: 54 | J56: 14010080 | K56: SP | L56: Ribeirão Preto | M56: Centro | N56: 470 | O56: Rua Álvares Cabral | P56: Rua | Q56: N | R56: Grupo Oscar Calçados | S56: Grupo Oscar Calçados | T56: Grupo F1 | U56: ERICSON | V56: RODRIGO | W56: Aberta | X56: Varejo Oscar | Y56: 250 | Z56: loja054@oscarcalcados.com.br
B57: 188 | C57: A | D57: Lucon Ferraz Calcados Ltda | E57: 055 - Usaflex Mogi Shopp | F57: 31795183000102 | G57: 454602085118 | H57: 46 | I57: 55 | J57: 8780910 | K57: SP | L57: Mogi Das Cruzes | M57: Jardim Armênia | N57: 1001 | O57: Avenida Vereador Narciso Yague Guimarães | R57: Grupo Usaflex | S57: Grupo Usaflex | T57: Grupo F9 | U57: HELENA | V57: ARTEMIS | W57: Aberta | X57: Demais Bandeiras
B58: 189 | C58: A | D58: Apc Fernandes Calcados Ltda | E58: 056 - Usaflex Guarulhos Shopp | F58: 33452971000121 | G58: 796889446118 | H58: 46 | I58: 56 | J58: 7042040 | K58: SP | L58: Guarulhos | M58: Vila Endres | N58: 295 | O58: Rua Engenheiro Camilo Olivetti | R58: Grupo Usaflex | S58: Grupo Usaflex | T58: Grupo F9 | U58: HELENA | V58: ARTEMIS | W58: Aberta | X58: Demais Bandeiras
B59: 190 | C59: A | D59: Uss Comercio De Calcados Ltda | E59: 057 - Usaflex Suzano Shopp | F59: 33930685000124 | G59: 672428020110 | H59: 46 | I59: 57 | J59: 8673020 | K59: SP | L59: Suzano | M59: Parque Suzano | N59: 555 | O59: Rua Sete De Setembro | R59: Grupo Usaflex | S59: Grupo Usaflex | T59: Grupo F9 | U59: HELENA | V59: ARTEMIS | W59: Aberta | X59: Demais Bandeiras
B60: 191 | C60: A | D60: Oscar Calcados Ltda | E60: 058 - Ribeirão Shopp | F60: 50915875006122 | G60: 160078638116 | H60: 15 | I60: 58 | J60: 14026900 | K60: SP | L60: Ribeirão Preto | M60: Jardim Califórnia | N60: 1540 | O60: Avenida Coronel Fernando Ferreira Leite | P60: Shopping | Q60: S | R60: Grupo Oscar Calçados | S60: Grupo Oscar Calçados | T60: Grupo F1 | U60: ERICSON | V60: RODRIGO | W60: Aberta | X60: Varejo Oscar | Y60: 350 | Z60: loja058@oscarcalcados.com.br
B61: 192 | C61: A | D61: Ust Comercio De Calcados Ltda | E61: 059 - Usaflex Tatuapé Shopp | F61: 36204835000100 | G61: 128473508113 | H61: 46 | I61: 59 | J61: 3306900 | K61: SP | L61: São Paulo | M61: Cidade Mãe Do Céu | N61: 91 | O61: Rua Domingos Agostim | R61: Grupo Usaflex | S61: Grupo Usaflex | T61: Grupo F9 | U61: HELENA | V61: ARTEMIS | W61: Aberta | X61: Demais Bandeiras
B62: 193 | C62: A | D62: Acs Comercio De Calcados Eireli | E62: 060 - Anacapri Suzano Shopp | F62: 36191797000107 | G62: 672454699113 | H62: 47 | I62: 60 | J62: 8673020 | K62: SP | L62: Suzano | M62: Parque Suzano | N62: 555 | O62: Rua Sete De Setembro | P62: Shopping | Q62: N | R62: Grupo Anacapri | S62: Grupo Anacapri | T62: Grupo F9 | U62: HELENA | V62: ARTEMIS | W62: Aberta | X62: Demais Bandeiras
B63: 194 | C63: A | D63: Oscar Calcados Ltda | E63: 061 - Jundiaí | F63: 50915875003530 | G63: 160.077.464.118 | H63: 15 | I63: 61 | J63: 13201011 | K63: SP | L63: Jundiaí | M63: Centro | N63: 634 | O63: Rua Barao De Jundiai | P63: Rua | Q63: S | R63: Grupo Oscar Calçados | S63: Grupo Oscar Calçados | T63: Grupo F1 | U63: ERICSON | V63: LUIGI | W63: Aberta | X63: Varejo Oscar | Y63: 465 | Z63: loja061@oscarcalcados.com.br
B64: 195 | C64: A | D64: Oscar Calcados Ltda | E64: 062 - Piracicaba | F64: 50915875004693 | G64: 160078104110 | H64: 15 | I64: 62 | J64: 13400070 | K64: SP | L64: Piracicaba | M64: Centro | N64: 1211 | O64: Rua Governador Pedro De Toledo | P64: Rua | Q64: N | R64: Grupo Oscar Calçados | S64: Grupo Oscar Calçados | T64: Grupo F1 | U64: ERICSON | V64: LUIGI | W64: Aberta | X64: Varejo Oscar | Y64: 322 | Z64: loja062@oscarcalcados.com.br
B65: 196 | C65: A | D65: Oscar Calcados Ltda | E65: 063 - Sorocaba | F65: 50915875003611 | G65: 160077507117 | H65: 15 | I65: 63 | J65: 18010120 | K65: SP | L65: Sorocaba | M65: Centro | N65: 264 | O65: Rua Doutor Braguinha | P65: Rua | Q65: N | R65: Grupo Oscar Calçados | S65: Grupo Oscar Calçados | T65: Grupo F1 | U65: ERICSON | V65: LUIGI | W65: Aberta | X65: Varejo Oscar | Y65: 488 | Z65: loja063@oscarcalcados.com.br
B66: 197 | C66: A | D66: Oscar Calcados Ltda | E66: 064 - Araraquara | F66: 50915875004855 | G66: 181.727.139.110 | H66: 15 | I66: 64 | J66: 14801295 | K66: SP | L66: Araraquara | M66: Centro | N66: 793 | O66: Rua 9 De Julho | P66: Rua | Q66: N | R66: Grupo Oscar Calçados | S66: Grupo Oscar Calçados | T66: Grupo F1 | U66: ERICSON | V66: CLAUDIO | W66: Aberta | X66: Varejo Oscar | Y66: 295 | Z66: loja064@oscarcalcados.com.br
B67: 199 | C67: A | D67: Jo Calcados Ltda | E67: 065 - Mogi Mirim | F67: 48973705001860 | G67: 456.253.380.114 | H67: 15 | I67: 65 | J67: 13800185 | K67: SP | L67: Mogi Mirim | M67: Centro | N67: 102 | O67: Rua Quinze De Novembro | P67: Rua | Q67: N | R67: Grupo Oscar Calçados | S67: Grupo Oscar Calçados | T67: Grupo F2 | U67: ERICSON | V67: CLAUDIO | W67: Fechada | X67: Varejo Oscar | Y67: 210 | Z67: loja065@oscarcalcados.com.br
B68: 200 | C68: A | D68: Oscar Calcados Ltda | E68: 066 - Mogi Guaçu | F68: 50915875004006 | G68: 455441173117 | H68: 15 | I68: 66 | J68: 13840035 | K68: SP | L68: Mogi Guaçu | M68: Centro | N68: 79 | O68: Rua Apolinario | P68: Rua | Q68: N | R68: Grupo Oscar Calçados | S68: Grupo Oscar Calçados | T68: Grupo F1 | U68: ERICSON | V68: LUIGI | W68: Aberta | X68: Varejo Oscar | Y68: 215 | Z68: loja066@oscarcalcados.com.br
B69: 201 | C69: A | D69: Oscar Calcados Ltda | E69: 067 - Oriente Shopp | F69: 50915875001163 | G69: 125262668119 | H69: 15 | I69: 67 | J69: 12235050 | K69: SP | L69: São José Dos Campos | M69: Jardim América | N69: 500 | O69: Rua Andorra | P69: Shopping | Q69: S | R69: Grupo Oscar Calçados | S69: Grupo Oscar Calçados | T69: Grupo F1 | U69: ERICSON | V69: PETERSON | W69: Aberta | X69: Varejo Oscar | Y69: 270 | Z69: loja067@oscarcalcados.com.br
B70: 203 | C70: A | D70: Oscar Calcados Ltda | E70: 068 - Bauru Ct | F70: 50915875004502 | G70: 160.078.099.114 | H70: 15 | I70: 68 | J70: 17010001 | K70: SP | L70: Bauru | M70: Centro | N70: 5 | O70: Rua Batista De Carvalho | P70: Rua | Q70: N | R70: Grupo Oscar Calçados | S70: Grupo Oscar Calçados | T70: Grupo F1 | U70: ERICSON | V70: JOÃO PAULO | W70: Aberta | X70: Varejo Oscar | Y70: 230 | Z70: loja068@oscarcalcados.com.br
B71: 281 | C71: A | D71: Jo Calcados Ltda | E71: 069 - Piracicaba | F71: 48973705002831 | G71: 120.770.985.113 | H71: 15 | I71: 69 | J71: 13400060 | K71: SP | L71: Piracicaba | M71: Centro | N71: 1118 | O71: Rua Governador Pedro De Toledo | P71: Rua | Q71: N | R71: Grupo Oscar Calçados | S71: Grupo Oscar Calçados | T71: Grupo F2 | U71: ERICSON | V71: CLAUDIO | W71: Fechada | X71: Varejo Oscar | Z71: loja069@oscarcalcados.com.br
B72: 285 | C72: A | D72: Accv Calcados Ltda | E72: 070 - Anacapri Centervale | F72: 48145491000195 | G72: 125.495.973.119 | H72: 47 | I72: 70 | J72: 12216580 | K72: SP | L72: São José Dos Campos | M72: Jardim Oswaldo Cruz | N72: 9403 | O72: Avenida Deputado Benedito Matarazzo | P72: Shopping | Q72: N | R72: Grupo Anacapri | S72: Grupo Anacapri | T72: Grupo F9 | U72: HELENA | V72: ARTEMIS | W72: Aberta | X72: Demais Bandeiras
B73: 286 | C73: A | D73: Acvs Calcados Ltda | E73: 071 - Anacapri Valesul | F73: 48277781000192 | G73: 125.500.230.112 | H73: 47 | I73: 71 | J73: 12230000 | K73: SP | L73: São José Dos Campos | M73: Jardim Satélite | N73: 227 | O73: Avenida Andrômeda | P73: Shopping | Q73: N | R73: Grupo Anacapri | S73: Grupo Anacapri | T73: Grupo F9 | U73: HELENA | V73: ARTEMIS | W73: Aberta | X73: Demais Bandeiras
B74: 287 | C74: A | D74: Oscar Calcados Ltda | E74: 072 - Novo Shopp Ribeirão | F74: 50915875005312 | G74: 160078390118 | H74: 15 | I74: 72 | J74: 14096350 | K74: SP | L74: Ribeirão Preto | M74: Ribeirânia | N74: 1500 | O74: Avenida Presidente Kennedy | P74: Shopping | Q74: N | R74: Grupo Oscar Calçados | S74: Grupo Oscar Calçados | T74: Grupo F1 | U74: ERICSON | V74: RODRIGO | W74: Aberta | X74: Varejo Oscar | Y74: 198 | Z74: loja072@oscarcalcados.com.br
B75: 363 | C75: A | D75: Accv Calcados Ltda | E75: 073 - Anacapri Oriente Shopp | F75: 48145491000276 | G75: 125783418117 | H75: 47 | I75: 73 | J75: 12235050 | K75: SP | L75: São José Dos Campos | M75: Jardim América | N75: 500 | O75: Rua Andorra | P75: Shopping | Q75: N | R75: Grupo Anacapri | S75: Grupo Anacapri | T75: Grupo F9 | U75: HELENA | V75: ARTEMIS | W75: Aberta | X75: Demais Bandeiras
B76: 364 | C76: A | D76: Oscar Calcados Ltda | E76: 074 - Piracicaba Shopping | F76: 50915875005746 | G76: 160.078.577.115 | H76: 15 | I76: 74 | J76: 13414-900 | K76: SP | L76: Piracicaba | M76: Areao | N76: 722 | O76: Avenida Limeira | P76: Shopping | Q76: N | R76: Grupo Oscar Calçados | S76: Grupo Oscar Calçados | T76: Grupo F1 | U76: ERICSON | V76: LUIGI | W76: Aberta | X76: Varejo Oscar | Y76: 258 | Z76: loja074@oscarcalcados.com.br
B77: 370 | C77: A | D77: Oscar Calcados Ltda | E77: 075 - Cruzeiro | F77: 50915875003450 | G77: 282204195110 | H77: 15 | I77: 75 | J77: 12730-010 | K77: SP | L77: Cruzeiro | M77: Itagaçaba | N77: 5 | O77: Rua Doutor Othon Barcelos, 5 | P77: Shopping | Q77: N | R77: Grupo Oscar Calçados | S77: Grupo Oscar Calçados | T77: Grupo F1 | U77: ERICSON | V77: THIAGO | W77: Aberta | X77: Varejo Oscar | Y77: 180 | Z77: loja075@oscarcalcados.com.br
B78: 377 | C78: A | D78: Bruno Cazarine Constantino | E78: 076 - Outlet Oscar Motorama | F78: 9332225000110 | G78: 645400271113 | H78: 15 | I78: 76 | J78: 12224010 | K78: SP | L78: São José Dos Campos | M78: Jardim Motorama | N78: 459 | O78: Rua Dos Lírios | P78: Rua | Q78: N | R78: Grupo Oscar Calçados | S78: Grupo Oscar Calçados | T78: Grupo F7 | U78: ERICSON | V78: LUIS AMERICO | W78: Aberta | X78: Varejo Oscar | Y78: 230 | Z78: loja076@oscarcalcados.com.br
B79: 381 | C79: A | D79: Oscar Calcados Ltda | E79: 077 - Jundiai Maxi Shopp | F79: 50915875005584 | G79: 160.078.433.117 | H79: 15 | I79: 77 | J79: 13215900 | K79: SP | L79: Jundiai | M79: Vila Rio Branco | N79: 6000 | O79: Avenida Antonio Frederico Ozanan | P79: Shopping | Q79: N | R79: Grupo Oscar Calçados | S79: Grupo Oscar Calçados | T79: Grupo F1 | U79: ERICSON | V79: LUIGI | W79: Aberta | X79: Varejo Oscar | Y79: 234 | Z79: loja077@oscarcalcados.com.br
B80: 382 | C80: A | D80: Oscar Calcados Ltda | E80: 078 - Bauru Boulevard Shopp | F80: 50915875005665 | G80: 160078442118 | H80: 15 | I80: 78 | J80: 17013113 | K80: SP | L80: Bauru | M80: Chacara Das Flores | N80: 1139 | O80: Rua General Marcondes Salgado | P80: Shopping | Q80: N | R80: Grupo Oscar Calçados | S80: Grupo Oscar Calçados | T80: Grupo F1 | U80: ERICSON | V80: JOÃO PAULO | W80: Aberta | X80: Varejo Oscar | Y80: 172 | Z80: loja078@oscarcalcados.com.br
B81: 384 | C81: A | D81: Outlet Bauru Calcados Ltda | E81: 079 - Outlet Pres. Prudente | F81: 61195652000202 | G81: 562758198118 | H81: 15 | I81: 79 | J81: 19010010 | K81: SP | L81: Presidente Prudente | M81: Centro | N81: 360 | O81: Rua Tenente Nicolau Maffei | P81: Rua | Q81: N | R81: Grupo Oscar Calçados | S81: Grupo Oscar Calçados | T81: Grupo F7 | U81: ERICSON | V81: ROGERS | W81: Fechada | X81: Varejo Oscar | Y81: 168 | Z81: loja079@oscarcalcados.com.br
B82: 122 | C82: A | D82: Cd- Ponta Sz | E82: 090 - Cd- Ponta Sz | F82: 43144476000109 | G82: 672106032110 | H82: 17 | I82: 90 | J82: 8710000 | K82: SP | L82: Mogi Das Cruzes | M82: Centro | N82: 1 | O82: Rua Professor Flaviano De Melo | R82: Grupo Stock Show Mogi | S82: Grupo Stock Show Mogi | T82: Geral | W82: Fechada | X82: Demais Bandeiras | Y82: 1
B83: 136 | C83: A | D83: Oscar Calçados Ltda | E83: 092 - Indenização | F83: 52438815000150 | G83: 645276604117 | H83: 21 | I83: 92 | J83: 12235210 | K83: SP | L83: São José Dos Campos | M83: Jardim Anhembi | N83: 123 | O83: Rua Serra Do Parima | R83: Grupo Defeito | S83: Grupo Defeito | T83: Geral | W83: Aberta | X83: Demais Bandeiras
B84: 135 | C84: C | D84: Oscar Calçados Ltda | E84: Ñ 093 - Recicalce | F84: 27409005000129 | G84: 645276604117 | H84: 21 | I84: 93 | J84: 12235210 | K84: SP | L84: São José Dos Campos | M84: Jardim Anhembi | N84: 123 | O84: Rua Serra Do Parima | R84: Grupo Defeito | S84: Grupo Defeito | T84: Geral | W84: Fechada | X84: Demais Bandeiras
B85: 123 | C85: A | D85: Descarte | E85: 094 - Descarte | F85: 89705513000101 | H85: 21 | I85: 94 | J85: 8700000 | K85: SP | L85: Mogi Das Cruzes | M85: Xxxxxxxxxxxxx | N85: 1 | O85: Xxxxxxxxxxxxxxxxx | R85: Grupo Defeito | S85: Grupo Defeito | T85: Geral | W85: Fechada | X85: Demais Bandeiras
B86: 125 | C86: C | D86: Defeito Fornecedor Scarlen Mogi | E86: Ñ 095 - Defeito Fornecedor Scarlen Mogi | F86: 36258477000119 | G86: 645276604117 | H86: 21 | I86: 95 | J86: 8700000 | K86: SP | L86: Mogi Das Cruzes | M86: Xxxxxxxxx | N86: 1 | O86: Xxxxxxxxxxxxxx | R86: Grupo Defeito | S86: Grupo Defeito | T86: Geral | W86: Fechada | X86: Demais Bandeiras
B87: 124 | C87: A | D87: E.L Dos Santos Contabilidade Me | E87: E.L Contabilidade | F87: 11800724000136 | G87: 645492983111 | H87: 1 | I87: 96 | J87: 12210200 | K87: SP | L87: São José Dos Campos | M87: Centro | N87: 147 | O87: Rua Sebastião Humel | R87: Geral | S87: Geral | T87: Geral | W87: Fechada | X87: Demais Bandeiras
B88: 121 | C88: C | D88: Ldj New Servicos De Malote Ltda Epp | E88: Ñ 097 - Ldj | F88: 6055393000117 | G88: 645492983111 | H88: 1 | I88: 97 | J88: 12210270 | K88: SP | L88: São José Dos Campos | M88: Centro | N88: 1032 | O88: Rua Doutor Ivan De Souza Lopes | R88: Geral | S88: Geral | T88: Geral | W88: Fechada | X88: Demais Bandeiras
B89: 132 | C89: C | D89: Dpct Transporte De Mercadoria Ltda | E89: Ñ 098 - Dpct | F89: 8338880000112 | G89: 645492983111 | H89: 1 | I89: 98 | J89: 12210270 | K89: SP | L89: São José Dos Campos | M89: Centro | N89: 1032 | O89: Rua Doutor Ivan De Souza Lopes | R89: Geral | S89: Geral | T89: Geral | W89: Fechada | X89: Demais Bandeiras
B90: 166 | C90: C | D90: 100 - Cd Jô | E90: Ñ 100 - Cd Jô | F90: 49283453000161 | G90: 0 | H90: 4 | I90: 100 | J90: 12210200 | K90: SP | L90: Sao Jose Dos Campos | M90: Centro | N90: 148 | O90: Rua Sebastiao Humel | R90: Grupo Jô Calçados | S90: Grupo Jô Calçados | T90: Geral | W90: Aberta | X90: Varejo Oscar | Y90: 1
B91: 361 | C91: A | D91: Oscar Calcados Ltda | E91: 100 - Logística Ecommerce | F91: 19991321000123 | G91: 645276604117 | H91: 55 | I91: 100 | J91: 12231010 | K91: SP | L91: São José Dos Campos | M91: Vila Nair | N91: 1692 | O91: Rua Paraibuna | R91: Grupo Oscar Ecommerce | S91: Grupo Oscar Ecommerce | T91: Geral | W91: Fechada | X91: Demais Bandeiras | Y91: 1
B92: 141 | C92: A | D92: Oscar Calcados Ltda | E92: 101 - Botucatu | F92: 50915875005070 | G92: 224453717117 | H92: 15 | I92: 101 | J92: 18600410 | K92: SP | L92: Botucatu | M92: Centro | N92: 35 | O92: Praca Comendador Emilio Pedutti | P92: Rua | Q92: N | R92: Grupo Oscar Calçados | S92: Grupo Oscar Calçados | T92: Grupo F1 | U92: ERICSON | V92: JOÃO PAULO | W92: Aberta | X92: Varejo Oscar | Y92: 440 | Z92: loja101@oscarcalcados.com.br
B93: 142 | C93: A | D93: Oscar Calcados Ltda | E93: 102 - Ituiutaba | F93: 50915875006637 | G93: 002997738.04-06 | H93: 15 | I93: 102 | J93: 38300076 | K93: MG | L93: Ituiutaba | M93: Centro | N93: 616 | O93: Rua Vinte E Dois | P93: Rua | Q93: N | R93: Grupo Oscar Calçados | S93: Grupo Oscar Calçados | T93: Grupo F1 | U93: ERICSON | V93: RODRIGO | W93: Aberta | X93: Varejo Oscar | Y93: 250 | Z93: loja102@oscarcalcados.com.br
B94: 180 | C94: C | D94: Jô Calçados Ltda | E94: Ñ 103 - Jô Marília | F94: 48973705001436 | G94: 438467949115 | H94: 4 | I94: 103 | J94: 17500001 | K94: SP | L94: Marilia | M94: Centro | N94: 637 | O94: Rua Sao Luiz - De 602/603 A 900/901 | R94: Grupo Jô Calçados | S94: Grupo Jô Calçados | T94: Geral | W94: Fechada | X94: Varejo Oscar
B95: 143 | C95: C | D95: Jô Calçados Ltda | E95: N 104 - Jô Araçatuba | F95: 11778850000131 | G95: 177288301110 | H95: 4 | I95: 104 | J95: 16010300 | K95: SP | L95: Aracatuba | M95: Centro | N95: 217 | O95: Rua Marechal Deodoro - Ate 230/231 | R95: Grupo Jô Calçados | S95: Grupo Jô Calçados | T95: Grupo F2 | U95: ERICSON | V95: LOJA FECHADA | W95: Fechada | X95: Varejo Oscar
B96: 144 | C96: A | D96: Oscar Calcados Ltda | E96: 105 - Uberaba | F96: 50915875006394 | G96: 29977380244 | H96: 15 | I96: 105 | J96: 38010020 | K96: MG | L96: Uberaba | M96: Centro | N96: 41 | O96: Rua Artur Machado | P96: Rua | Q96: S | R96: Grupo Oscar Calçados | S96: Grupo Oscar Calçados | T96: Grupo F1 | U96: ERICSON | V96: RODRIGO | W96: Aberta | X96: Varejo Oscar | Y96: 170 | Z96: loja105@oscarcalcados.com.br
B97: 181 | C97: A | D97: Oscar Calcados Ltda | E97: 106 - Rio Preto Cl1 | F97: 50915875005231 | G97: 160078363115 | H97: 15 | I97: 106 | J97: 15015400 | K97: SP | L97: Sao Jose Do Rio Preto | M97: Centro | N97: 2928 | O97: Rua General Glicerio | P97: Rua | Q97: S | R97: Grupo Oscar Calçados | S97: Grupo Oscar Calçados | T97: Grupo F1 | U97: ERICSON | V97: ROGERS | W97: Aberta | X97: Varejo Oscar | Y97: 310 | Z97: loja106@oscarcalcados.com.br
B98: 146 | C98: A | D98: Jo Calcados Ltda | E98: 108 - Votuporanga | F98: 50915875004189 | G98: 718.322.901.113 | H98: 15 | I98: 108 | J98: 15500004 | K98: SP | L98: Votuporanga | M98: Patrimonio Novo | N98: 3281 | O98: Rua Amazonas | P98: Rua | Q98: N | R98: Grupo Oscar Calçados | S98: Grupo Oscar Calçados | T98: Grupo F1 | U98: ERICSON | V98: ROGERS | W98: Aberta | X98: Varejo Oscar | Y98: 225 | Z98: loja108@oscarcalcados.com.br
B99: 147 | C99: A | D99: Oscar Calcados Ltda | E99: 109 - Araraquara Mega | F99: 50915875003964 | G99: 181727120112 | H99: 15 | I99: 109 | J99: 14801295 | K99: SP | L99: Araraquara | M99: Centro | N99: 991 | O99: Rua 9 De Julho | P99: Rua | Q99: S | R99: Grupo Oscar Calçados | S99: Grupo Oscar Calçados | T99: Grupo F1 | U99: ERICSON | V99: CLAUDIO | W99: Aberta | X99: Varejo Oscar | Y99: 250 | Z99: loja109@oscarcalcados.com.br
B100: 148 | C100: C | D100: Jô Calçados E Bolsas Ltda | E100: Ñ 110 - Jô Araraquara | F100: 64825581000850 | G100: 181438119110 | H100: 4 | I100: 110 | J100: 14801295 | K100: SP | L100: Araraquara | M100: Centro | N100: 719 | O100: Rua 9 De Julho | R100: Grupo Jô Calçados | S100: Grupo Jô Calçados | T100: Geral | W100: Fechada | X100: Varejo Oscar
B101: 149 | C101: A | D101: Oscar Calcados Ltda | E101: 111 - Franca | F101: 50915875003883 | G101: 160077818111 | H101: 15 | I101: 111 | J101: 14400690 | K101: SP | L101: Franca | M101: Centro | N101: 1950 | O101: Rua Major Claudiano | P101: Rua | Q101: N | R101: Grupo Oscar Calçados | S101: Grupo Oscar Calçados | T101: Grupo F1 | U101: ERICSON | V101: RODRIGO | W101: Aberta | X101: Varejo Oscar | Y101: 350 | Z101: loja111@oscarcalcados.com.br
...
